SET SQL_MODE = 'NO_AUTO_VALUE_ON_ZERO';
SET time_zone = '+00:00';

--
-- Database: `swim_conf`
--
CREATE DATABASE IF NOT EXISTS `swim_conf` DEFAULT CHARACTER SET utf8mb4 COLLATE utf8mb4_unicode_ci;
USE `swim_conf`;

--
-- Table structure for table `DIEs`
--
CREATE TABLE `DIEs` (
`Core_Familly` int(10) NOT NULL,
`DbId` int(10) NOT NULL,
`DebugModuleGeneration` int(10) NOT NULL,
`DieID` int(10) NOT NULL,
`DieIDAddress` int(10) NOT NULL,
`Discrepancy` longtext NOT NULL,
`EngiBytesAddress` int(10) NOT NULL,
`EngiBytesNb` int(10) NOT NULL,
`FCSR_Address` int(10) NOT NULL,
`FamilyName` varchar(50) NOT NULL,
`IAPSR_Address` int(10) NOT NULL,
`IcdCellMap_BaseAddressCell_0` int(10) NOT NULL,
`IcdCellMap_BaseAddressCell_1` int(10) NOT NULL,
`IcdCellMap_BaseAddressCell_2` int(10) NOT NULL,
`IcdCellMap_BaseAddressCell_3` int(10) NOT NULL,
`IcdCellMap_BaseAddressCell_4` int(10) NOT NULL,
`IcdCellMap_NbCells` int(10) NOT NULL,
`Ickc_Addr` int(10) NOT NULL,
`MIF` int(10) NOT NULL,
`MappedRegAddr` int(10) NOT NULL,
`OptBytesAddress` int(10) NOT NULL,
`OptBytesNb` int(10) NOT NULL,
`OptionSetId` int(10) NOT NULL,
`RASS_Address` int(10) NOT NULL,
`RASS_Data_Address` int(10) NOT NULL,
`ResetVectAddr` int(10) NOT NULL,
`StackBottom` int(10) NOT NULL,
`StackTop` int(10) NOT NULL,
`SwimMonitorAddr` int(10) NOT NULL,
`SwimRegAddr` int(10) NOT NULL,
`TMU_Ctrl_Addr` int(10) NOT NULL,
`TMU_Keys_Addr` int(10) NOT NULL,
`VectTblInRam` int(10) NOT NULL,
`WorkParam` int(10) NOT NULL,
`Workaround` int(10) NOT NULL,
INDEX `DbId` (`DbId`), 
INDEX `DieID` (`DieID`), 
INDEX `DieIDAddress` (`DieIDAddress`), 
INDEX `OptionSetId` (`OptionSetId`)
) ENGINE=InnoDB  DEFAULT CHARSET=utf8mb4 COLLATE=utf8mb4_unicode_ci AUTO_INCREMENT=1;
--
-- Table structure for table `FlashProg`
--
CREATE TABLE `FlashProg` (
`BlockSize` int(10) NOT NULL,
`BootCodeDest` int(10) NOT NULL,
`BootCodeEntry` int(10) NOT NULL,
`BootCodeLastAddr` int(10) NOT NULL,
`DbId` int(10) NOT NULL,
`McuId` int(10) NOT NULL,
`ProgBootCode` varchar(50) NOT NULL,
`ProgBufAddr` int(10) NOT NULL,
`ProgBufSize` int(10) NOT NULL,
INDEX `DbId` (`DbId`), 
INDEX `McuId` (`McuId`)
) ENGINE=InnoDB  DEFAULT CHARSET=utf8mb4 COLLATE=utf8mb4_unicode_ci AUTO_INCREMENT=1;
--
-- Table structure for table `MappingAreas`
--
CREATE TABLE `MappingAreas` (
`DbId` int(10) NOT NULL,
`Finish` int(10) NOT NULL,
`McuId` int(10) NOT NULL,
`MemTypeId` int(10) NOT NULL,
`Start` int(10) NOT NULL,
INDEX `DbId` (`DbId`), 
INDEX `McuId` (`McuId`), 
INDEX `MemTypeId` (`MemTypeId`)
) ENGINE=InnoDB  DEFAULT CHARSET=utf8mb4 COLLATE=utf8mb4_unicode_ci AUTO_INCREMENT=1;
--
-- Table structure for table `McuList`
--
CREATE TABLE `McuList` (
`DbId` int(10) NOT NULL,
`DieDbId` int(10) NOT NULL,
`Maturity` int(10) NOT NULL,
`McuName` varchar(50) NOT NULL,
INDEX `DbId` (`DbId`), 
INDEX `DieDbId` (`DieDbId`)
) ENGINE=InnoDB  DEFAULT CHARSET=utf8mb4 COLLATE=utf8mb4_unicode_ci AUTO_INCREMENT=1;
--
-- Table structure for table `McuOptions`
--
CREATE TABLE `McuOptions` (
`DbId` int(10) NOT NULL,
`Name` varchar(50) NOT NULL,
`Scope` int(10) NOT NULL,
`SetId` int(10) NOT NULL,
`Type` int(10) NOT NULL,
INDEX `DbId` (`DbId`), 
INDEX `SetId` (`SetId`)
) ENGINE=InnoDB  DEFAULT CHARSET=utf8mb4 COLLATE=utf8mb4_unicode_ci AUTO_INCREMENT=1;
--
-- Table structure for table `McuOptionValues`
--
CREATE TABLE `McuOptionValues` (
`Action` varchar(50) NOT NULL,
`DbId` int(10) NOT NULL,
`DbgCompat` int(10) NOT NULL,
`McuOptionId` int(10) NOT NULL,
`Name` varchar(50) NOT NULL,
INDEX `DbId` (`DbId`), 
INDEX `McuOptionId` (`McuOptionId`)
) ENGINE=InnoDB  DEFAULT CHARSET=utf8mb4 COLLATE=utf8mb4_unicode_ci AUTO_INCREMENT=1;
--
-- Table structure for table `MemoryTypes`
--
CREATE TABLE `MemoryTypes` (
`DbId` int(10) NOT NULL,
`Name` varchar(50) NOT NULL,
`OfficialName` varchar(50) NOT NULL,
`WriteAlgo` int(10) NOT NULL,
`Writeable` bit(1) NOT NULL,
INDEX `DbId` (`DbId`)
) ENGINE=InnoDB  DEFAULT CHARSET=utf8mb4 COLLATE=utf8mb4_unicode_ci AUTO_INCREMENT=1;
--
-- Table structure for table `OptionSet`
--
CREATE TABLE `OptionSet` (
`DbId` int(10) NOT NULL,
`Name` varchar(50) NOT NULL,
INDEX `DbId` (`DbId`)
) ENGINE=InnoDB  DEFAULT CHARSET=utf8mb4 COLLATE=utf8mb4_unicode_ci AUTO_INCREMENT=1;
--
-- Data for table `DIEs`
--
INSERT INTO `DIEs` (`Core_Familly`, `DbId`, `DebugModuleGeneration`, `DieID`, `DieIDAddress`, `Discrepancy`, `EngiBytesAddress`, `EngiBytesNb`, `FCSR_Address`, `FamilyName`, `IAPSR_Address`, `IcdCellMap_BaseAddressCell_0`, `IcdCellMap_BaseAddressCell_1`, `IcdCellMap_BaseAddressCell_2`, `IcdCellMap_BaseAddressCell_3`, `IcdCellMap_BaseAddressCell_4`, `IcdCellMap_NbCells`, `Ickc_Addr`, `MIF`, `MappedRegAddr`, `OptBytesAddress`, `OptBytesNb`, `OptionSetId`, `RASS_Address`, `RASS_Data_Address`, `ResetVectAddr`, `StackBottom`, `StackTop`, `SwimMonitorAddr`, `SwimRegAddr`, `TMU_Ctrl_Addr`, `TMU_Keys_Addr`, `VectTblInRam`, `WorkParam`, `Workaround`) VALUES
(1, 1, 2, 1733296160, 20476, '', 0, 0, 18519, 'STM75F51x_cut3', 18521, 18544, 0, 0, 0, 0, 1, 0, 0, 18568, 24576, 4, 2, 18521, 0, 65534, 256, 511, 20904, 18560, 0, 0, 0, 0, 0),
(1, 2, 2, 1733361680, 20476, '', 0, 0, 18519, 'STM75F75x-cut1-proto', 18523, 18544, 0, 0, 0, 0, 1, 0, 0, 18568, 16384, 0, 1, 0, 0, 65534, 256, 511, 20904, 18560, 0, 0, 0, 0, 0),
(1, 3, 2, 1733296160, 20476, '', 0, 0, 18519, 'STM75F51x_cut2-proto', 18521, 18544, 0, 0, 0, 0, 1, 0, 0, 18568, 16384, 0, 1, 0, 0, 65534, 256, 511, 20904, 18560, 0, 0, 0, 0, 0),
(1, 4, 2, 1733361680, 20476, '', 0, 0, 18523, 'STM75F75x', 18527, 18544, 0, 0, 0, 0, 1, 0, 0, 18568, 24576, 4, 3, 18496, 18497, 65534, 256, 511, 20904, 18560, 0, 0, 0, 18531, 1),
(1, 5, 2, 1733296160, 20476, '', 0, 0, 18519, 'STM75F51x_cut2', 18521, 18544, 0, 0, 0, 0, 1, 0, 0, 18568, 24576, 4, 2, 0, 0, 65534, 256, 511, 20904, 18560, 0, 0, 0, 0, 0),
(2, 6, 3, 0, 0, '', 0, 0, 20571, 'ST79TC', 20575, 32656, 0, 0, 0, 0, 1, 0, 0, 32512, 18432, 4, 4, 0, 0, 32768, 5120, 6143, 0, 32640, 0, 0, 0, 0, 0),
(1, 7, 2, 1733361680, 20476, '', 0, 0, 18523, 'STM75F75x-proto', 18527, 18544, 0, 0, 0, 0, 1, 0, 0, 18568, 24576, 0, 1, 18496, 18497, 65534, 256, 511, 20904, 18560, 0, 0, 0, 0, 0),
(3, 8, 3, 1431790984, 26609, '- when a data break condition is reached, all following NOP and JP (immediate) instructions are executed before the core stops
- some SWIM communication failures may occur on Stice when fcpu <= LSI/4', 0, 0, 20571, 'STM8AF51xx_128K', 20575, 32656, 0, 0, 0, 0, 1, 20672, 2, 32512, 18432, 8, 5, 20578, 20580, 32768, 5120, 6143, 0, 32640, 22536, 22528, 0, 0, 0),
(3, 9, 3, 0, 0, '- MCU option values are not saved between debug sessions
- VddAppli source is pin7 of ICD connector
-  when a data break condition is reached, all following NOP and JP (immediate) instructions are executed before the core stops', 18572, 1, 20571, 'ST79_Emulator', 20575, 32656, 0, 0, 0, 0, 1, 20672, 2, 32512, 18432, 8, 6, 20578, 20580, 32768, 5120, 6143, 0, 32640, 22536, 22528, 0, 0, 2),
(3, 10, 3, 1734414336, 20476, '- MCU option values are not saved between debug sessions
- VddAppli source is pin7 of ICD connector
- neither software stepping nor software breakpoints are allowed on protected area', 18697, 2, 20561, 'STM8L_8K_Emulator', 20564, 32656, 0, 0, 0, 0, 1, 0, 1, 32512, 18432, 9, 7, 20562, 20563, 32768, 1023, 1535, 0, 32640, 0, 0, 0, 0, 0),
(3, 11, 3, 0, 0, '', 0, 0, 20571, 'STM8-32K-proto', 20575, 32656, 0, 0, 0, 0, 1, 20672, 2, 32512, 18432, 8, 8, 20578, 20580, 32768, 1536, 2047, 0, 32640, 22536, 22528, 0, 0, 0),
(3, 12, 3, 0, 0, '', 0, 0, 20571, 'STM8-256K-proto', 20575, 32656, 0, 0, 0, 0, 1, 20672, 2, 32512, 18432, 8, 9, 20578, 20580, 32768, 10240, 12287, 0, 32640, 22536, 22528, 0, 0, 0),
(3, 13, 3, 1431790984, 26609, '- when a data break condition is reached, all following NOP and JP (immediate) instructions are executed before the core stops
- some SWIM communication failures may occur on Stice when fcpu <= LSI/4', 0, 0, 20571, 'STM8AF51xx_96K', 20575, 32656, 0, 0, 0, 0, 1, 20672, 2, 32512, 18432, 8, 5, 20578, 20580, 32768, 5120, 6143, 0, 32640, 22536, 22528, 0, 0, 0),
(3, 14, 3, 1431790984, 26609, '- when a data break condition is reached, all following NOP and JP (immediate) instructions are executed before the core stops
- some SWIM communication failures may occur on Stice when fcpu <= LSI/4', 0, 0, 20571, 'STM8AF51xx_64K', 20575, 32656, 0, 0, 0, 0, 1, 20672, 2, 32512, 18432, 8, 5, 20578, 20580, 32768, 3072, 4095, 0, 32640, 22536, 22528, 0, 0, 0),
(3, 15, 3, 1431790984, 26609, '- when a data break condition is reached, all following NOP and JP (immediate) instructions are executed before the core stops
- some SWIM communication failures may occur on Stice when fcpu <= LSI/4', 0, 0, 20571, 'STM8AF51xx_48K', 20575, 32656, 0, 0, 0, 0, 1, 20672, 2, 32512, 18432, 8, 5, 20578, 20580, 32768, 2304, 3071, 0, 32640, 22536, 22528, 0, 0, 0),
(3, 16, 3, 1431790984, 26609, '- some SWIM communication failures may occur on Stice when fcpu <= LSI/4', 0, 0, 20571, 'STM8AF51xx_32K', 20575, 32656, 0, 0, 0, 0, 1, 20672, 2, 32512, 18432, 8, 5, 20578, 20580, 32768, 1536, 2047, 0, 32640, 22536, 22528, 0, 0, 0),
(3, 17, 3, 926499393, 26608, '- some SWIM communication failures may occur on Stice when fcpu <= LSI/4', 0, 0, 20571, 'STM8AF61xx_16K', 20575, 32656, 0, 0, 0, 0, 1, 20672, 2, 32512, 18432, 8, 5, 20578, 20580, 32768, 512, 1023, 0, 32640, 22536, 22528, 0, 0, 0),
(3, 18, 3, 1734807552, 20476, '- some SWIM communication failures may occur on Stice when fcpu <= LSI/4', 18508, 1, 20571, 'STM8S_8K_Emulator', 20575, 32656, 0, 0, 0, 0, 1, 0, 6, 32512, 18432, 5, 10, 20578, 20580, 32768, 512, 1023, 0, 32640, 0, 0, 0, 0, 0),
(3, 19, 3, 1734610944, 20476, '- MCU option values are not saved between debug sessions
- VddAppli source is pin7 of ICD connector
- neither software stepping nor software breakpoints are allowed on protected area', 18697, 2, 20561, 'STM8L_Falco_32K_Emulator', 20564, 32656, 0, 0, 0, 0, 1, 0, 1, 32512, 18432, 10, 14, 20562, 20563, 32768, 1535, 2047, 0, 32640, 0, 0, 0, 0, 0),
(3, 20, 3, 1734414336, 20476, '- neither software stepping nor software breakpoints are allowed on protected area
- some SWIM communication failures may occur on Stice when fcpu <= LSI/4', 0, 0, 20561, 'STM8L_8K_cut1', 20564, 32656, 0, 0, 0, 0, 1, 0, 1, 32512, 18432, 9, 11, 20562, 20563, 32768, 1023, 1535, 0, 32640, 0, 0, 0, 0, 4),
(3, 21, 3, 1431790984, 26609, '- when a data break condition is reached, all following NOP and JP (immediate) instructions are executed before the core stops
- some SWIM communication failures may occur on Stice when fcpu <= LSI/4', 0, 0, 20571, 'STM8AH51xx_128K', 20575, 32656, 0, 0, 0, 0, 1, 20672, 2, 32512, 18432, 8, 5, 20578, 20580, 32768, 5120, 6143, 0, 32640, 22536, 22528, 0, 0, 0),
(3, 22, 3, 1431790984, 26609, '- when a data break condition is reached, all following NOP and JP (immediate) instructions are executed before the core stops
- some SWIM communication failures may occur on Stice when fcpu <= LSI/4', 0, 0, 20571, 'STM8AH51xx_96K', 20575, 32656, 0, 0, 0, 0, 1, 20672, 2, 32512, 18432, 8, 5, 20578, 20580, 32768, 5120, 6143, 0, 32640, 22536, 22528, 0, 0, 0),
(3, 23, 3, 1431790984, 26609, '- when a data break condition is reached, all following NOP and JP (immediate) instructions are executed before the core stops
- some SWIM communication failures may occur on Stice when fcpu <= LSI/4', 0, 0, 20571, 'STM8AH51xx_64K', 20575, 32656, 0, 0, 0, 0, 1, 20672, 2, 32512, 18432, 8, 5, 20578, 20580, 32768, 3072, 4095, 0, 32640, 22536, 22528, 0, 0, 0),
(3, 24, 3, 1431790984, 26609, '- when a data break condition is reached, all following NOP and JP (immediate) instructions are executed before the core stops
- some SWIM communication failures may occur on Stice when fcpu <= LSI/4', 0, 0, 20571, 'STM8AH51xx_48K', 20575, 32656, 0, 0, 0, 0, 1, 20672, 2, 32512, 18432, 8, 5, 20578, 20580, 32768, 2304, 3071, 0, 32640, 22536, 22528, 0, 0, 0),
(3, 25, 3, 1431790984, 26609, '- some SWIM communication failures may occur on Stice when fcpu <= LSI/4', 0, 0, 20571, 'STM8AH51xx_32K', 20575, 32656, 0, 0, 0, 0, 1, 20672, 2, 32512, 18432, 8, 5, 20578, 20580, 32768, 1536, 2047, 0, 32640, 22536, 22528, 0, 0, 0),
(3, 26, 3, 926499393, 26608, '- some SWIM communication failures may occur on Stice when fcpu <= LSI/4', 0, 0, 20571, 'STM8AH61xx_16K', 20575, 32656, 0, 0, 0, 0, 1, 20672, 2, 32512, 18432, 8, 5, 20578, 20580, 32768, 512, 1023, 0, 32640, 22536, 22528, 0, 0, 0),
(3, 27, 3, 1431790984, 26609, '- when a data break condition is reached, all following NOP and JP (immediate) instructions are executed before the core stops
- some SWIM communication failures may occur on Stice when fcpu <= LSI/4', 0, 0, 20571, 'STM8S_128K', 20575, 32656, 0, 0, 0, 0, 1, 0, 2, 32512, 18432, 8, 5, 20578, 20580, 32768, 5120, 6143, 0, 32640, 22536, 22528, 0, 0, 0),
(3, 28, 3, 1431790984, 26609, '- when a data break condition is reached, all following NOP and JP (immediate) instructions are executed before the core stops
- some SWIM communication failures may occur on Stice when fcpu <= LSI/4', 0, 0, 20571, 'STM8S_96K', 20575, 32656, 0, 0, 0, 0, 1, 0, 2, 32512, 18432, 8, 5, 20578, 20580, 32768, 5120, 6143, 0, 32640, 22536, 22528, 0, 0, 0),
(3, 29, 3, 1431790984, 26609, '- when a data break condition is reached, all following NOP and JP (immediate) instructions are executed before the core stops
- some SWIM communication failures may occur on Stice when fcpu <= LSI/4', 0, 0, 20571, 'STM8S_64K_S8', 20575, 32656, 0, 0, 0, 0, 1, 0, 2, 32512, 18432, 8, 5, 20578, 20580, 32768, 5120, 6143, 0, 32640, 22536, 22528, 0, 0, 0),
(3, 30, 3, 1431790984, 26609, '- when a data break condition is reached, all following NOP and JP (immediate) instructions are executed before the core stops
- some SWIM communication failures may occur on Stice when fcpu <= LSI/4', 0, 0, 20571, 'STM8S_32Kon128K', 20575, 32656, 0, 0, 0, 0, 1, 0, 2, 32512, 18432, 8, 5, 20578, 20580, 32768, 5120, 6143, 0, 32640, 22536, 22528, 0, 0, 0),
(3, 31, 3, 926499393, 26608, '- some SWIM communication failures may occur on Stice when fcpu <= LSI/4', 0, 0, 20571, 'STM8S_32K', 20575, 32656, 0, 0, 0, 0, 1, 0, 2, 32512, 18432, 8, 13, 20578, 20580, 32768, 1536, 2047, 0, 32640, 22536, 22528, 0, 0, 0),
(3, 32, 3, 926499393, 26608, '- some SWIM communication failures may occur on Stice when fcpu <= LSI/4', 0, 0, 20571, 'STM8S_16K', 20575, 32656, 0, 0, 0, 0, 1, 0, 2, 32512, 18432, 8, 13, 20578, 20580, 32768, 1536, 2047, 0, 32640, 22536, 22528, 0, 0, 0),
(3, 33, 3, 1734807552, 20476, '- some SWIM communication failures may occur on Stice when fcpu <= LSI/4', 0, 0, 20571, 'STM8S_8K', 20575, 32656, 0, 0, 0, 0, 1, 0, 6, 32512, 18432, 6, 12, 20578, 20580, 32768, 512, 1023, 0, 32640, 0, 0, 0, 0, 0),
(3, 34, 3, 926499393, 26608, '- some SWIM communication failures may occur on Stice when fcpu <= LSI/4', 0, 0, 20571, 'STM8AF61xx_32K', 20575, 32656, 0, 0, 0, 0, 1, 20672, 2, 32512, 18432, 8, 5, 20578, 20580, 32768, 1536, 2047, 0, 32640, 22536, 22528, 0, 0, 0),
(3, 35, 3, 926499393, 26608, '- some SWIM communication failures may occur on Stice when fcpu <= LSI/4', 0, 0, 20571, 'STM8AH61xx_32K', 20575, 32656, 0, 0, 0, 0, 1, 20672, 2, 32512, 18432, 8, 5, 20578, 20580, 32768, 1536, 2047, 0, 32640, 22536, 22528, 0, 0, 0),
(3, 36, 3, 1734414336, 20476, '- neither software stepping nor software breakpoints are allowed on protected area
- some SWIM communication failures may occur on Stice when fcpu <= LSI/4', 0, 0, 20561, 'STM8L_Colibri_8K', 20564, 32656, 0, 0, 0, 0, 1, 0, 1, 32512, 18432, 9, 15, 20562, 20563, 32768, 1023, 1535, 0, 32640, 0, 0, 0, 0, 0),
(3, 37, 3, 1734414336, 20476, '- neither software stepping nor software breakpoints are allowed on protected area
- some SWIM communication failures may occur on Stice when fcpu <= LSI/4', 0, 0, 20561, 'STM8L_Colibri_4K', 20564, 32656, 0, 0, 0, 0, 1, 0, 1, 32512, 18432, 9, 15, 20562, 20563, 32768, 1023, 1535, 0, 32640, 0, 0, 0, 0, 0),
(3, 38, 3, 926499649, 26608, '- some SWIM communication failures may occur on Stice when fcpu <= LSI/4', 0, 0, 20571, 'STM8AF51Bx_256K', 20575, 32656, 0, 0, 0, 0, 1, 20672, 2, 32512, 18432, 8, 16, 20578, 20580, 32768, 10240, 12287, 0, 32640, 22536, 22528, 0, 0, 0),
(3, 39, 3, 1734807552, 20476, '- some SWIM communication failures may occur on Stice when fcpu <= LSI/4', 0, 0, 20571, 'STM8S_4K', 20575, 32656, 0, 0, 0, 0, 1, 0, 6, 32512, 18432, 6, 12, 20578, 20580, 32768, 512, 1023, 0, 32640, 0, 0, 0, 0, 0),
(3, 40, 3, 1734610944, 20476, '- MCU option values are not saved between debug sessions
- VddAppli source is pin7 of ICD connector
- neither software stepping nor software breakpoints are allowed on protected area', 0, 0, 20561, 'STM8L_Falco_32K', 20564, 32656, 0, 0, 0, 0, 1, 0, 1, 32512, 18432, 13, 17, 20562, 20563, 32768, 1535, 2047, 0, 32640, 0, 0, 0, 0, 0),
(3, 42, 3, 0, 0, '- when a data break condition is reached, all following NOP and JP (immediate) instructions are executed before the core stops
- some SWIM communication failures may occur on Stice when fcpu <= LSI/4', 0, 0, 20571, 'STM8AF518x_64K', 20575, 32656, 0, 0, 0, 0, 1, 20672, 2, 32512, 18432, 8, 5, 20578, 20580, 32768, 3072, 4095, 0, 32640, 22536, 22528, 0, 0, 0),
(3, 43, 3, 1734610944, 20476, '- MCU option values are not saved between debug sessions
- VddAppli source is pin7 of ICD connector
- neither software stepping nor software breakpoints are allowed on protected area', 0, 0, 20561, 'STM8L_Falco_16K', 20564, 32656, 0, 0, 0, 0, 1, 0, 1, 32512, 18432, 13, 17, 20562, 20563, 32768, 1535, 2047, 0, 32640, 0, 0, 0, 0, 0),
(3, 44, 3, 0, 0, '- some SWIM communication failures may occur on Stice when fcpu <= LSI/4', 0, 0, 20571, 'STM8AALux-proto', 20575, 32656, 0, 0, 0, 0, 1, 20672, 2, 32512, 18432, 8, 5, 20578, 20580, 32768, 1536, 2047, 0, 32640, 22536, 22528, 0, 0, 0),
(3, 45, 3, 0, 0, '- some SWIM communication failures may occur on Stice when fcpu <= LSI/4', 0, 0, 20571, 'STM8ABLux-proto', 20575, 32656, 0, 0, 0, 0, 1, 20672, 2, 32512, 18432, 12, 18, 20578, 20580, 32768, 1536, 2047, 0, 32640, 22536, 22528, 0, 0, 0),
(3, 46, 3, 926499393, 26608, '- some SWIM communication failures may occur on Stice when fcpu <= LSI/4', 0, 0, 20571, 'STM8AF61xx_8K', 20575, 32656, 0, 0, 0, 0, 1, 20672, 2, 32512, 18432, 8, 5, 20578, 20580, 32768, 256, 511, 0, 32640, 22536, 22528, 0, 0, 0),
(3, 47, 3, 926499393, 26608, '- some SWIM communication failures may occur on Stice when fcpu <= LSI/4', 0, 0, 20571, 'STM8AH61xx_8K', 20575, 32656, 0, 0, 0, 0, 1, 20672, 2, 32512, 18432, 8, 5, 20578, 20580, 32768, 256, 511, 0, 32640, 22536, 22528, 0, 0, 0),
(3, 48, 3, 926499649, 26608, '- some SWIM communication failures may occur on Stice when fcpu <= LSI/4', 0, 0, 20571, 'STM8AH51Bx_256K', 20575, 32656, 0, 0, 0, 0, 1, 20672, 2, 32512, 18432, 8, 16, 20578, 20580, 32768, 10240, 12287, 0, 32640, 22536, 22528, 0, 0, 0),
(3, 49, 3, 926499649, 26608, '- some SWIM communication failures may occur on Stice when fcpu <= LSI/4', 0, 0, 20571, 'STM8AF51Bx_128K', 20575, 32656, 0, 0, 0, 0, 1, 20672, 2, 32512, 18432, 8, 16, 20578, 20580, 32768, 5120, 6143, 0, 32640, 22536, 22528, 0, 0, 0),
(3, 50, 3, 926499649, 26608, '- some SWIM communication failures may occur on Stice when fcpu <= LSI/4', 0, 0, 20571, 'STM8AH51Bx_128K', 20575, 32656, 0, 0, 0, 0, 1, 20672, 2, 32512, 18432, 8, 16, 20578, 20580, 32768, 5120, 6143, 0, 32640, 22536, 22528, 0, 0, 0),
(3, 51, 3, 1431790984, 26609, '- when a data break condition is reached, all following NOP and JP (immediate) instructions are executed before the core stops
- some SWIM communication failures may occur on Stice when fcpu <= LSI/4', 0, 0, 20571, 'STM8S_128K_SB', 20575, 32656, 0, 0, 0, 0, 1, 0, 2, 32512, 18432, 8, 5, 20578, 20580, 32768, 5120, 6143, 0, 32640, 22536, 22528, 0, 0, 0),
(3, 52, 3, 1431790984, 26609, '- when a data break condition is reached, all following NOP and JP (immediate) instructions are executed before the core stops
- some SWIM communication failures may occur on Stice when fcpu <= LSI/4', 0, 0, 20571, 'STM8S_64K', 20575, 32656, 0, 0, 0, 0, 1, 0, 2, 32512, 18432, 8, 5, 20578, 20580, 32768, 5120, 6143, 0, 32640, 22536, 22528, 0, 0, 0),
(3, 53, 3, 1431790984, 26609, '- when a data break condition is reached, all following NOP and JP (immediate) instructions are executed before the core stops
- some SWIM communication failures may occur on Stice when fcpu <= LSI/4', 0, 0, 20571, 'STM8S_32KS6on128K', 20575, 32656, 0, 0, 0, 0, 1, 0, 2, 32512, 18432, 8, 5, 20578, 20580, 32768, 5120, 6143, 0, 32640, 22536, 22528, 0, 0, 0),
(3, 54, 3, 1431790984, 26609, '- when a data break condition is reached, all following NOP and JP (immediate) instructions are executed before the core stops
- some SWIM communication failures may occur on Stice when fcpu <= LSI/4', 0, 0, 20571, 'STM8S_32KR6on128K', 20575, 32656, 0, 0, 0, 0, 1, 0, 2, 32512, 18432, 8, 5, 20578, 20580, 32768, 5120, 6143, 0, 32640, 22536, 22528, 0, 0, 0),
(3, 55, 3, 0, 0, '', 0, 0, 0, 'STM8AMS', 0, 65424, 0, 0, 0, 0, 1, 0, 2, 65280, 0, 0, 20, 0, 0, 16384, 12288, 16383, 0, 65408, 0, 0, 0, 0, 0),
(3, 56, 3, 0, 0, '', 0, 0, 0, 'STM8AMS_FPGA', 0, 65424, 0, 0, 0, 0, 1, 0, 2, 65280, 0, 0, 20, 0, 0, 16384, 12288, 16383, 0, 65408, 0, 0, 0, 0, 0),
(3, 57, 3, 1734873088, 20476, '- MCU option values are not saved between debug sessions
- VddAppli source is pin7 of ICD connector
- neither software stepping nor software breakpoints are allowed on protected area', 0, 0, 20561, 'STM8L_64K', 20564, 32656, 0, 0, 0, 0, 1, 0, 1, 32512, 18432, 13, 19, 20562, 20563, 32768, 3583, 4095, 0, 32640, 0, 0, 0, 0, 0),
(3, 58, 3, 1734873088, 20476, '- MCU option values are not saved between debug sessions
- VddAppli source is pin7 of ICD connector
- neither software stepping nor software breakpoints are allowed on protected area', 0, 0, 20561, 'STM8L_32Kon64K', 20564, 32656, 0, 0, 0, 0, 1, 0, 1, 32512, 18432, 13, 19, 20562, 20563, 32768, 1535, 2047, 0, 32640, 0, 0, 0, 0, 0),
(3, 59, 3, 1734938624, 20476, '- MCU option values are not saved between debug sessions
- neither software stepping nor software breakpoints are allowed on protected area
- some SWIM communication failures may occur on Stice when fcpu <= LSI/4', 0, 0, 20561, 'STM8TS50', 20564, 32656, 0, 0, 0, 0, 1, 0, 1, 32512, 18432, 9, 21, 20562, 20563, 32768, 3072, 4095, 0, 32640, 0, 0, 0, 0, 0),
(3, 60, 3, 1733824512, 20476, '- MCU option values are not saved between debug sessions
- VddAppli source is pin7 of ICD connector
- neither software stepping nor software breakpoints are allowed on protected area', 0, 0, 20561, 'STM8L_LittleFalco_8K', 20564, 32656, 0, 0, 0, 0, 1, 0, 1, 32512, 18432, 13, 22, 20562, 20563, 32768, 512, 1023, 0, 32640, 0, 0, 0, 0, 0),
(3, 61, 3, 1733824512, 20476, '- MCU option values are not saved between debug sessions
- VddAppli source is pin7 of ICD connector
- neither software stepping nor software breakpoints are allowed on protected area', 0, 0, 20561, 'STM8L_LittleFalco_4K', 20564, 32656, 0, 0, 0, 0, 1, 0, 1, 32512, 18432, 13, 22, 20562, 20563, 32768, 512, 1023, 0, 32640, 0, 0, 0, 0, 0),
(3, 62, 3, 1734414336, 20476, '- neither software stepping nor software breakpoints are allowed on protected area
- some SWIM communication failures may occur on Stice when fcpu <= LSI/4', 0, 0, 20561, 'STM8L_Colibri_2K', 20564, 32656, 0, 0, 0, 0, 1, 0, 1, 32512, 18432, 9, 15, 20562, 20563, 32768, 1023, 1535, 0, 32640, 0, 0, 0, 0, 0),
(3, 63, 3, 0, 0, '', 0, 0, 0, 'STM8AMS_ROM', 0, 65424, 0, 0, 0, 0, 1, 0, 2, 65280, 0, 0, 20, 0, 0, 16384, 12288, 16383, 0, 65408, 0, 0, 0, 0, 0),
(3, 64, 3, 1734807552, 20476, '- some SWIM communication failures may occur on Stice when fcpu <= LSI/4', 0, 0, 20571, 'STM8S_ValueLine_8K', 20575, 32656, 0, 0, 0, 0, 1, 0, 6, 32512, 18432, 6, 12, 20578, 20580, 32768, 512, 1023, 0, 32640, 0, 0, 0, 0, 0),
(3, 65, 3, 926499393, 26608, '- some SWIM communication failures may occur on Stice when fcpu <= LSI/4', 0, 0, 20571, 'STM8S_ValueLine_32K', 20575, 32656, 0, 0, 0, 0, 1, 0, 2, 32512, 18432, 8, 13, 20578, 20580, 32768, 1536, 2047, 0, 32640, 22536, 22528, 0, 0, 0),
(3, 66, 3, 1431790984, 26609, '- when a data break condition is reached, all following NOP and JP (immediate) instructions are executed before the core stops
- some SWIM communication failures may occur on Stice when fcpu <= LSI/4', 0, 0, 20571, 'STM8S_ValueLine_64K', 20575, 32656, 0, 0, 0, 0, 1, 0, 2, 32512, 18432, 8, 5, 20578, 20580, 32768, 5120, 6143, 0, 32640, 22536, 22528, 0, 0, 0),
(3, 67, 3, 1431790984, 26609, '- when a data break condition is reached, all following NOP and JP (immediate) instructions are executed before the core stops
- some SWIM communication failures may occur on Stice when fcpu <= LSI/4', 0, 0, 20571, 'STM8AF51xx_64K_RAM6K', 20575, 32656, 0, 0, 0, 0, 1, 20672, 2, 32512, 18432, 8, 5, 20578, 20580, 32768, 5120, 6143, 0, 32640, 22536, 22528, 0, 0, 0),
(3, 68, 3, 1431790984, 26609, '- some SWIM communication failures may occur on Stice when fcpu <= LSI/4', 0, 0, 20571, 'STM8AF51xx_32K_RAM6K', 20575, 32656, 0, 0, 0, 0, 1, 20672, 2, 32512, 18432, 8, 5, 20578, 20580, 32768, 5120, 6143, 0, 32640, 22536, 22528, 0, 0, 0),
(3, 69, 3, 926499393, 26608, '- some SWIM communication failures may occur on Stice when fcpu <= LSI/4', 0, 0, 20571, 'STM8AF62xx_16K', 20575, 32656, 0, 0, 0, 0, 1, 20672, 2, 32512, 18432, 8, 5, 20578, 20580, 32768, 1536, 2047, 0, 32640, 22536, 22528, 0, 0, 0),
(3, 70, 3, 1431790984, 26609, '- when a data break condition is reached, all following NOP and JP (immediate) instructions are executed before the core stops
- some SWIM communication failures may occur on Stice when fcpu <= LSI/4', 0, 0, 20571, 'STM8AH51xx_64K_RAM6K', 20575, 32656, 0, 0, 0, 0, 1, 20672, 2, 32512, 18432, 8, 5, 20578, 20580, 32768, 5120, 6143, 0, 32640, 22536, 22528, 0, 0, 0),
(3, 71, 3, 926499393, 26608, '- some SWIM communication failures may occur on Stice when fcpu <= LSI/4', 0, 0, 20571, 'STM8AF62xx_8Kon32K', 20575, 32656, 0, 0, 0, 0, 1, 20672, 2, 32512, 18432, 8, 5, 20578, 20580, 32768, 1536, 2047, 0, 32640, 22536, 22528, 0, 0, 0),
(3, 72, 3, 1734610944, 20476, '- MCU option values are not saved between debug sessions
- VddAppli source is pin7 of ICD connector
- neither software stepping nor software breakpoints are allowed on protected area', 0, 0, 20561, 'STM8L05x_32K', 20564, 32656, 0, 0, 0, 0, 1, 0, 1, 32512, 18432, 13, 17, 20562, 20563, 32768, 1535, 2047, 0, 32640, 0, 0, 0, 0, 0),
(3, 73, 3, 1734873088, 20476, '- MCU option values are not saved between debug sessions
- VddAppli source is pin7 of ICD connector
- neither software stepping nor software breakpoints are allowed on protected area', 0, 0, 20561, 'STM8L05x_64K', 20564, 32656, 0, 0, 0, 0, 1, 0, 1, 32512, 18432, 13, 19, 20562, 20563, 32768, 3583, 4095, 0, 32640, 0, 0, 0, 0, 0),
(3, 74, 3, 1733824512, 20476, '- MCU option values are not saved between debug sessions
- VddAppli source is pin7 of ICD connector
- neither software stepping nor software breakpoints are allowed on protected area', 0, 0, 20561, 'STM8L05x_8K', 20564, 32656, 0, 0, 0, 0, 1, 0, 1, 32512, 18432, 13, 22, 20562, 20563, 32768, 512, 1023, 0, 32640, 0, 0, 0, 0, 0),
(3, 75, 3, 1431790984, 26609, '- when a data break condition is reached, all following NOP and JP (immediate) instructions are executed before the core stops
- some SWIM communication failures may occur on Stice when fcpu <= LSI/4', 0, 0, 20571, 'STM8S_64K_8K', 20575, 32656, 0, 0, 0, 0, 1, 0, 2, 32512, 18432, 8, 5, 20578, 20580, 32768, 5120, 6143, 0, 32640, 22536, 22528, 0, 0, 0),
(3, 76, 3, 1738084352, 20476, '- some SWIM communication failures may occur on Stice when fcpu <= LSI/4', 0, 0, 20571, 'STM8AF62xx_8K', 20575, 32656, 0, 0, 0, 0, 1, 0, 6, 32512, 18432, 6, 12, 20578, 20580, 32768, 511, 1023, 0, 32640, 0, 0, 0, 0, 0),
(3, 77, 3, 1734610944, 20476, '- MCU option values are not saved between debug sessions
- VddAppli source is pin7 of ICD connector
- neither software stepping nor software breakpoints are allowed on protected area', 0, 0, 20561, 'STM8L_Falco_8K', 20564, 32656, 0, 0, 0, 0, 1, 0, 1, 32512, 18432, 13, 17, 20562, 20563, 32768, 1535, 2047, 0, 32640, 0, 0, 0, 0, 0),
(3, 78, 3, 1738084352, 20476, '- some SWIM communication failures may occur on Stice when fcpu <= LSI/4', 0, 0, 20571, 'STM8AF62xx_4K', 20575, 32656, 0, 0, 0, 0, 1, 0, 6, 32512, 18432, 6, 12, 20578, 20580, 32768, 511, 1023, 0, 32640, 0, 0, 0, 0, 0);
--
-- Data for table `FlashProg`
--
INSERT INTO `FlashProg` (`BlockSize`, `BootCodeDest`, `BootCodeEntry`, `BootCodeLastAddr`, `DbId`, `McuId`, `ProgBootCode`, `ProgBufAddr`, `ProgBufSize`) VALUES
(32, 0, 0, 0, 1, 1, '', 0, 0),
(64, 0, 0, 0, 2, 4, '', 0, 0),
(32, 0, 0, 0, 3, 5, '', 0, 0),
(128, 0, 0, 0, 4, 6, '', 0, 0),
(64, 0, 0, 0, 5, 7, '', 0, 0),
(128, 48, 48, 255, 6, 8, 'swimStm8.s19', 303, 8),
(128, 48, 48, 255, 7, 9, 'swimStm8.s19', 303, 8),
(64, 0, 0, 0, 8, 10, '', 0, 0),
(128, 0, 0, 0, 9, 11, '', 0, 0),
(128, 0, 0, 0, 10, 12, '', 0, 0),
(128, 48, 48, 255, 11, 13, 'swimStm8.s19', 303, 8),
(128, 48, 48, 255, 12, 14, 'swimStm8.s19', 303, 8),
(128, 48, 48, 255, 13, 15, 'swimStm8.s19', 303, 8),
(128, 48, 48, 255, 14, 16, 'swimStm8.s19', 303, 4),
(128, 48, 48, 255, 15, 17, 'swimStm8.s19', 303, 4),
(64, 48, 48, 255, 16, 18, 'swimStm8.s19', 303, 4),
(128, 0, 0, 0, 17, 19, '', 0, 0),
(64, 48, 48, 255, 18, 20, 'swimStm8.s19', 303, 4),
(128, 48, 48, 255, 19, 21, 'swimStm8.s19', 303, 8),
(128, 48, 48, 255, 20, 22, 'swimStm8.s19', 303, 8),
(128, 48, 48, 255, 21, 23, 'swimStm8.s19', 303, 8),
(128, 48, 48, 255, 22, 24, 'swimStm8.s19', 303, 8),
(128, 48, 48, 255, 23, 25, 'swimStm8.s19', 303, 4),
(128, 48, 48, 255, 24, 26, 'swimStm8.s19', 303, 4),
(128, 48, 48, 255, 25, 27, 'swimStm8.s19', 303, 8),
(128, 48, 48, 255, 26, 28, 'swimStm8.s19', 303, 8),
(128, 48, 48, 255, 27, 29, 'swimStm8.s19', 303, 8),
(128, 48, 48, 255, 28, 30, 'swimStm8.s19', 303, 8),
(128, 48, 48, 255, 29, 31, 'swimStm8.s19', 303, 4),
(128, 48, 48, 255, 30, 32, 'swimStm8.s19', 303, 4),
(64, 48, 48, 255, 31, 33, 'swimStm8.s19', 303, 4),
(128, 48, 48, 255, 32, 34, 'swimStm8.s19', 303, 4),
(128, 48, 48, 255, 33, 35, 'swimStm8.s19', 303, 4),
(64, 48, 48, 255, 34, 36, 'swimStm8.s19', 303, 4),
(64, 48, 48, 255, 35, 37, 'swimStm8.s19', 303, 4),
(128, 48, 48, 255, 36, 38, 'swimStm8.s19', 303, 8),
(64, 48, 48, 255, 37, 39, 'swimStm8.s19', 303, 4),
(128, 48, 48, 255, 38, 40, 'swimStm8.s19', 303, 4),
(128, 48, 48, 255, 40, 42, 'swimStm8.s19', 303, 8),
(128, 48, 48, 255, 41, 43, 'swimStm8.s19', 303, 4),
(128, 48, 48, 255, 42, 44, 'swimStm8.s19', 303, 4),
(128, 48, 48, 255, 43, 45, 'swimStm8.s19', 303, 4),
(128, 48, 48, 255, 44, 46, 'swimStm8.s19', 303, 4),
(128, 48, 48, 255, 45, 47, 'swimStm8.s19', 303, 4),
(128, 48, 48, 255, 46, 48, 'swimStm8.s19', 303, 8),
(128, 48, 48, 255, 47, 49, 'swimStm8.s19', 303, 8),
(128, 48, 48, 255, 48, 50, 'swimStm8.s19', 303, 8),
(128, 48, 48, 255, 49, 51, 'swimStm8.s19', 303, 8),
(128, 48, 48, 255, 50, 52, 'swimStm8.s19', 303, 8),
(128, 48, 48, 255, 51, 53, 'swimStm8.s19', 303, 8),
(128, 48, 48, 255, 52, 54, 'swimStm8.s19', 303, 8),
(128, 48, 48, 255, 53, 57, 'swimStm8.s19', 303, 4),
(128, 48, 48, 255, 54, 58, 'swimStm8.s19', 303, 4),
(64, 48, 48, 255, 55, 59, 'swimStm8.s19', 303, 4),
(64, 48, 48, 255, 56, 60, 'swimStm8.s19', 303, 4),
(64, 48, 48, 255, 57, 61, 'swimStm8.s19', 303, 4),
(64, 48, 48, 255, 58, 62, 'swimStm8.s19', 303, 4),
(64, 48, 48, 255, 59, 64, 'swimStm8.s19', 303, 4),
(128, 48, 48, 255, 60, 65, 'swimStm8.s19', 303, 4),
(128, 48, 48, 255, 61, 66, 'swimStm8.s19', 303, 8),
(128, 48, 48, 255, 62, 67, 'swimStm8.s19', 303, 8),
(128, 48, 48, 255, 63, 68, 'swimStm8.s19', 303, 4),
(128, 48, 48, 255, 64, 69, 'swimStm8.s19', 303, 4),
(128, 48, 48, 255, 65, 70, 'swimStm8.s19', 303, 8),
(128, 48, 48, 255, 66, 71, 'swimStm8.s19', 303, 4),
(128, 48, 48, 255, 67, 72, 'swimStm8.s19', 303, 4),
(128, 48, 48, 255, 68, 73, 'swimStm8.s19', 303, 4),
(64, 48, 48, 255, 69, 74, 'swimStm8.s19', 303, 4),
(128, 48, 48, 255, 70, 75, 'swimStm8.s19', 303, 4),
(64, 48, 48, 255, 72, 76, 'swimStm8.s19', 303, 4),
(128, 48, 48, 255, 73, 77, 'swimStm8.s19', 303, 4),
(64, 48, 48, 255, 74, 78, 'swimStm8.s19', 303, 4);
--
-- Data for table `MappingAreas`
--
INSERT INTO `MappingAreas` (`DbId`, `Finish`, `McuId`, `MemTypeId`, `Start`) VALUES
(1, 31, 1, 9, 0),
(2, 543, 1, 1, 32),
(3, 18431, 1, 10, 544),
(4, 20479, 1, 9, 18432),
(5, 20991, 1, 2, 20480),
(6, 57343, 1, 10, 20992),
(7, 65535, 1, 8, 57344),
(8, 2079, 2, 1, 0),
(9, 18431, 2, 10, 2080),
(10, 20479, 2, 1, 18432),
(11, 20991, 2, 2, 20480),
(12, 32767, 2, 10, 20992),
(13, 65535, 2, 1, 32768),
(14, 31, 3, 9, 0),
(15, 543, 3, 1, 32),
(16, 20479, 3, 9, 544),
(17, 20991, 3, 2, 20480),
(18, 32767, 3, 10, 20992),
(19, 65535, 3, 8, 57344),
(20, 31, 4, 9, 0),
(21, 2079, 4, 1, 32),
(22, 18431, 4, 10, 2080),
(23, 20479, 4, 9, 18432),
(24, 20991, 4, 2, 20480),
(25, 24703, 4, 10, 20992),
(26, 26623, 4, 6, 24704),
(27, 32767, 4, 10, 26624),
(28, 65535, 4, 8, 32768),
(29, 2079, 5, 1, 0),
(30, 18431, 5, 10, 2080),
(31, 20479, 5, 1, 18432),
(32, 20991, 5, 2, 20480),
(33, 32767, 5, 10, 20992),
(34, 65535, 5, 8, 32768),
(35, 6143, 6, 1, 0),
(36, 16383, 6, 10, 6144),
(38, 18431, 6, 6, 16384),
(39, 20479, 6, 10, 18432),
(40, 22527, 6, 9, 20480),
(41, 24575, 6, 10, 22528),
(42, 26623, 6, 2, 24576),
(43, 32767, 6, 10, 26624),
(44, 163839, 6, 8, 32768),
(45, 31, 7, 9, 0),
(46, 2079, 7, 1, 32),
(47, 16511, 7, 10, 2080),
(48, 18431, 7, 6, 16512),
(49, 20479, 7, 9, 18432),
(50, 20991, 7, 2, 20480),
(51, 32767, 7, 10, 20992),
(52, 65535, 7, 8, 32768),
(53, 6143, 8, 1, 0),
(54, 16383, 8, 10, 6144),
(55, 18431, 8, 6, 16384),
(56, 20479, 8, 10, 18432),
(57, 22556, 8, 9, 20480),
(58, 24575, 8, 10, 22557),
(59, 26623, 8, 2, 24576),
(60, 32767, 8, 10, 26624),
(61, 163839, 8, 8, 32768),
(62, 6143, 9, 1, 0),
(63, 16383, 9, 10, 6144),
(64, 18431, 9, 6, 16384),
(65, 20479, 9, 10, 18432),
(66, 22556, 9, 9, 20480),
(67, 24575, 9, 10, 22557),
(68, 26623, 9, 1, 24576),
(69, 32767, 9, 10, 26624),
(70, 163839, 9, 8, 32768),
(71, 1535, 10, 1, 0),
(72, 20479, 10, 10, 1536),
(73, 22528, 10, 9, 20480),
(74, 24575, 10, 10, 22529),
(75, 26623, 10, 9, 24576),
(76, 32767, 10, 10, 26624),
(77, 40959, 10, 8, 32768),
(78, 2047, 11, 1, 0),
(79, 16383, 11, 10, 2048),
(80, 17407, 11, 6, 16384),
(81, 20479, 11, 10, 17408),
(82, 22556, 11, 9, 20480),
(83, 24575, 11, 10, 22557),
(84, 26623, 11, 1, 24576),
(85, 32767, 11, 10, 26624),
(86, 65535, 11, 8, 32768),
(87, 12287, 12, 1, 0),
(88, 14335, 12, 10, 12288),
(89, 18431, 12, 6, 14336),
(90, 20479, 12, 10, 18432),
(91, 22783, 12, 9, 20480),
(92, 24575, 12, 10, 22784),
(93, 26623, 12, 1, 24576),
(94, 32767, 12, 10, 26624),
(95, 294911, 12, 8, 32768),
(96, 6143, 13, 1, 0),
(97, 16383, 13, 10, 6144),
(98, 18431, 13, 6, 16384),
(99, 20479, 13, 10, 18432),
(100, 22556, 13, 9, 20480),
(101, 24575, 13, 10, 22557),
(102, 26623, 13, 2, 24576),
(103, 32767, 13, 10, 26624),
(104, 131071, 13, 8, 32768),
(105, 4095, 14, 1, 0),
(106, 16383, 14, 10, 4096),
(109, 17919, 14, 6, 16384),
(110, 20479, 14, 10, 17920),
(111, 22556, 14, 9, 20480),
(112, 24575, 14, 10, 22557),
(113, 26623, 14, 2, 24576),
(114, 32767, 14, 10, 26624),
(115, 98303, 14, 8, 32768),
(116, 3071, 15, 1, 0),
(117, 5119, 15, 10, 3072),
(118, 6143, 15, 10, 5120),
(119, 16383, 15, 10, 6144),
(120, 17919, 15, 6, 16384),
(121, 20479, 15, 10, 17920),
(122, 22556, 15, 9, 20480),
(123, 24575, 15, 10, 22557),
(124, 26623, 15, 2, 24576),
(125, 32767, 15, 10, 26624),
(126, 81919, 15, 8, 32768),
(127, 2047, 16, 1, 0),
(128, 5119, 16, 10, 2048),
(129, 6143, 16, 10, 5120),
(130, 16383, 16, 10, 6144),
(131, 17407, 16, 6, 16384),
(132, 20479, 16, 10, 17408),
(133, 22556, 16, 9, 20480),
(134, 24575, 16, 10, 22557),
(135, 26623, 16, 2, 24576),
(136, 32767, 16, 10, 26624),
(137, 65535, 16, 8, 32768),
(138, 511, 17, 1, 0),
(139, 1023, 17, 1, 512),
(140, 2047, 17, 10, 1024),
(141, 16383, 17, 10, 2048),
(142, 16895, 17, 6, 16384),
(143, 20479, 17, 10, 16896),
(144, 22556, 17, 9, 20480),
(145, 24575, 17, 10, 22557),
(146, 26623, 17, 2, 24576),
(147, 32767, 17, 10, 26624),
(148, 49151, 17, 8, 32768),
(149, 1023, 18, 1, 0),
(150, 16383, 18, 10, 1024),
(151, 17023, 18, 6, 16384),
(152, 20479, 18, 10, 17024),
(153, 22556, 18, 9, 20480),
(154, 32767, 18, 10, 22557),
(155, 40959, 18, 8, 32768),
(156, 2047, 19, 1, 0),
(157, 4095, 19, 10, 2048),
(158, 5119, 19, 6, 4096),
(159, 22528, 19, 10, 5120),
(160, 22528, 19, 9, 20480),
(161, 24575, 19, 10, 22529),
(162, 26623, 19, 9, 24576),
(163, 32767, 19, 10, 26624),
(164, 65535, 19, 8, 32768),
(165, 1535, 20, 1, 0),
(166, 17407, 20, 10, 1536),
(168, 20479, 20, 10, 17408),
(169, 22556, 20, 9, 20480),
(170, 24575, 20, 10, 22557),
(171, 26623, 20, 2, 24576),
(172, 32767, 20, 10, 26624),
(173, 40959, 20, 8, 32768),
(174, 6143, 21, 1, 0),
(175, 20479, 21, 10, 6144),
(176, 22556, 21, 9, 20480),
(177, 24575, 21, 10, 22557),
(178, 26623, 21, 2, 24576),
(179, 32767, 21, 10, 26624),
(180, 163839, 21, 8, 32768),
(181, 6143, 22, 1, 0),
(182, 20479, 22, 10, 6144),
(183, 22556, 22, 9, 20480),
(184, 24575, 22, 10, 22557),
(185, 26623, 22, 2, 24576),
(186, 32767, 22, 10, 26624),
(187, 131071, 22, 8, 32768),
(188, 4095, 23, 1, 0),
(189, 5119, 23, 10, 4096),
(190, 6143, 23, 10, 5120),
(191, 20479, 23, 10, 6144),
(192, 22556, 23, 9, 20480),
(193, 24575, 23, 10, 22557),
(194, 26623, 23, 2, 24576),
(195, 32767, 23, 10, 26624),
(196, 98303, 23, 8, 32768),
(197, 3071, 24, 1, 0),
(198, 5119, 24, 10, 3072),
(199, 6143, 24, 10, 5120),
(200, 20479, 24, 10, 6144),
(201, 22556, 24, 9, 20480),
(202, 24575, 24, 10, 22557),
(203, 26623, 24, 2, 24576),
(204, 32767, 24, 10, 26624),
(205, 81919, 24, 8, 32768),
(206, 2047, 25, 1, 0),
(207, 20479, 25, 10, 2048),
(208, 22556, 25, 9, 20480),
(209, 24575, 25, 10, 22557),
(210, 26623, 25, 2, 24576),
(211, 1023, 26, 1, 0),
(214, 20479, 26, 10, 1024),
(215, 22556, 26, 9, 20480),
(216, 24575, 26, 10, 22557),
(217, 26623, 26, 2, 24576),
(218, 32767, 26, 10, 26624),
(219, 49151, 26, 8, 32768),
(220, 6143, 27, 1, 0),
(221, 16383, 27, 10, 6144),
(222, 18431, 27, 6, 16384),
(223, 20479, 27, 10, 18432),
(224, 22556, 27, 9, 20480),
(225, 24575, 27, 10, 22557),
(226, 26623, 27, 2, 24576),
(227, 32767, 27, 10, 26624),
(228, 6143, 28, 1, 0),
(229, 16383, 28, 10, 6144),
(230, 18431, 28, 6, 16384),
(231, 20479, 28, 10, 18432),
(232, 22556, 28, 9, 20480),
(233, 24575, 28, 10, 22557),
(234, 26623, 28, 2, 24576),
(235, 32767, 28, 10, 26624),
(236, 131071, 28, 8, 32768),
(237, 6143, 29, 1, 0),
(240, 16383, 29, 10, 6144),
(241, 17919, 29, 6, 16384),
(242, 20479, 29, 10, 17920),
(243, 22556, 29, 9, 20480),
(244, 24575, 29, 10, 22557),
(245, 26623, 29, 2, 24576),
(246, 32767, 29, 10, 26624),
(247, 98303, 29, 8, 32768),
(248, 6143, 30, 1, 0),
(251, 16383, 30, 10, 6144),
(252, 17407, 30, 6, 16384),
(253, 20479, 30, 10, 17408),
(254, 22556, 30, 9, 20480),
(255, 24575, 30, 10, 22557),
(256, 26623, 30, 2, 24576),
(257, 32767, 30, 10, 26624),
(258, 65535, 30, 8, 32768),
(259, 2047, 31, 1, 0),
(260, 5119, 31, 10, 2048),
(261, 6143, 31, 10, 5120),
(262, 16383, 31, 10, 6144),
(263, 17407, 31, 6, 16384),
(264, 20479, 31, 10, 17408),
(265, 22556, 31, 9, 20480),
(266, 24575, 31, 10, 22557),
(267, 26623, 31, 2, 24576),
(268, 32767, 31, 10, 26624),
(269, 65535, 31, 8, 32768),
(270, 511, 32, 1, 0),
(271, 1535, 32, 1, 512),
(272, 2047, 32, 1, 1536),
(273, 16383, 32, 10, 2048),
(274, 17407, 32, 6, 16384),
(275, 20479, 32, 10, 16896),
(276, 22556, 32, 9, 20480),
(277, 24575, 32, 10, 22557),
(278, 26623, 32, 2, 24576),
(279, 32767, 32, 10, 26624),
(280, 49151, 32, 8, 32768),
(281, 1023, 33, 1, 0),
(282, 16383, 33, 10, 1024),
(283, 17023, 33, 6, 16384),
(284, 20479, 33, 10, 17024),
(285, 22556, 33, 9, 20480),
(286, 32767, 33, 10, 22557),
(287, 40959, 33, 8, 32768),
(288, 163839, 27, 8, 32768),
(289, 32767, 25, 10, 26624),
(290, 65535, 25, 8, 32768),
(291, 2047, 34, 1, 0),
(292, 5119, 34, 10, 2048),
(293, 6143, 34, 10, 5120),
(294, 16383, 34, 10, 6144),
(295, 17407, 34, 6, 16384),
(296, 20479, 34, 10, 17408),
(297, 22556, 34, 9, 20480),
(298, 24575, 34, 10, 22557),
(299, 26623, 34, 2, 24576),
(300, 32767, 34, 10, 26624),
(301, 65535, 34, 8, 32768),
(302, 2047, 35, 1, 0),
(303, 20479, 35, 10, 2048),
(304, 22556, 35, 9, 20480),
(305, 24575, 35, 10, 22557),
(306, 26623, 35, 2, 24576),
(307, 32767, 35, 10, 26624),
(308, 65535, 35, 8, 32768),
(309, 1535, 36, 1, 0),
(310, 20479, 36, 10, 1536),
(311, 21250, 36, 9, 20480),
(312, 32607, 36, 10, 21251),
(313, 32631, 36, 9, 32608),
(314, 32767, 36, 10, 32632),
(315, 40959, 36, 8, 32768),
(316, 1535, 37, 1, 0),
(317, 20479, 37, 10, 1536),
(318, 21250, 37, 9, 20480),
(319, 32607, 37, 10, 21251),
(320, 32631, 37, 9, 32608),
(321, 32767, 37, 10, 32632),
(322, 36863, 37, 8, 32768),
(323, 12287, 38, 1, 0),
(324, 14335, 38, 10, 12288),
(325, 18431, 38, 6, 14336),
(326, 20479, 38, 10, 18432),
(327, 22783, 38, 9, 20480),
(328, 24575, 38, 10, 22784),
(329, 26623, 38, 2, 24576),
(330, 32607, 38, 10, 26624),
(331, 32631, 38, 9, 32608),
(332, 32767, 38, 10, 32632),
(333, 294911, 38, 8, 32768),
(334, 1023, 39, 1, 0),
(335, 16383, 39, 10, 1024),
(336, 17023, 39, 6, 16384),
(337, 20479, 39, 10, 17024),
(338, 22556, 39, 9, 20480),
(339, 32767, 39, 10, 22557),
(340, 36863, 39, 8, 32768),
(341, 2047, 40, 1, 0),
(342, 4095, 40, 10, 2048),
(343, 5119, 40, 6, 4096),
(344, 20479, 40, 10, 5120),
(345, 22528, 40, 9, 20480),
(346, 24575, 40, 10, 22529),
(347, 26623, 40, 2, 24576),
(348, 32767, 40, 10, 26624),
(349, 65535, 40, 8, 32768),
(350, 4095, 42, 1, 0),
(351, 16383, 42, 10, 4096),
(352, 17919, 42, 6, 16384),
(353, 20479, 42, 10, 17920),
(354, 22556, 42, 9, 20480),
(355, 24575, 42, 10, 22557),
(356, 26623, 42, 1, 24576),
(357, 32767, 42, 10, 26624),
(358, 98303, 42, 8, 32768),
(359, 2047, 43, 1, 0),
(360, 4095, 43, 10, 2048),
(361, 5119, 43, 6, 4096),
(362, 20479, 43, 10, 5120),
(363, 22528, 43, 9, 20480),
(364, 24575, 43, 10, 22529),
(365, 26623, 43, 2, 24576),
(366, 32767, 43, 10, 26624),
(367, 49151, 43, 8, 32768),
(368, 2047, 44, 1, 0),
(369, 5119, 44, 10, 2048),
(370, 6143, 44, 10, 5120),
(371, 16383, 44, 10, 6144),
(372, 17407, 44, 6, 16384),
(373, 20479, 44, 10, 17408),
(374, 22556, 44, 9, 20480),
(375, 24575, 44, 10, 22557),
(376, 26623, 44, 2, 24576),
(377, 32767, 44, 10, 26624),
(378, 65535, 44, 8, 32768),
(379, 2047, 45, 1, 0),
(380, 5119, 45, 10, 2048),
(381, 6143, 45, 10, 5120),
(382, 16383, 45, 10, 6144),
(383, 17407, 45, 6, 16384),
(384, 20479, 45, 10, 17408),
(385, 22556, 45, 9, 20480),
(386, 24575, 45, 10, 22557),
(387, 26623, 45, 2, 24576),
(388, 32767, 45, 10, 26624),
(389, 65535, 45, 8, 32768),
(390, 511, 46, 1, 0),
(391, 5119, 46, 10, 512),
(392, 6143, 46, 10, 5120),
(393, 16383, 46, 10, 6144),
(394, 16767, 46, 6, 16384),
(395, 20479, 46, 10, 16768),
(396, 22556, 46, 9, 20480),
(397, 24575, 46, 10, 22557),
(398, 26623, 46, 2, 24576),
(399, 32767, 46, 10, 26624),
(400, 40959, 46, 8, 32768),
(401, 511, 47, 1, 0),
(402, 20479, 47, 10, 512),
(403, 22556, 47, 9, 20480),
(404, 24575, 47, 10, 22557),
(405, 26623, 47, 2, 24576),
(406, 32767, 47, 10, 26624),
(407, 40959, 47, 8, 32768),
(408, 12287, 48, 1, 0),
(409, 14335, 48, 10, 12288),
(410, 18431, 48, 10, 14336),
(411, 20479, 48, 10, 18432),
(412, 22783, 48, 9, 20480),
(413, 24575, 48, 10, 22784),
(414, 26623, 48, 2, 24576),
(415, 32607, 48, 10, 26624),
(416, 32631, 48, 9, 32608),
(417, 32767, 48, 10, 32632),
(418, 294911, 48, 8, 32768),
(419, 6143, 49, 1, 0),
(420, 14335, 49, 10, 6144),
(421, 16383, 49, 6, 14336),
(422, 20479, 49, 10, 16384),
(423, 22783, 49, 9, 20480),
(424, 24575, 49, 10, 22784),
(425, 26623, 49, 2, 24576),
(426, 32607, 49, 10, 26624),
(427, 32631, 49, 9, 32608),
(428, 32767, 49, 10, 32632),
(429, 163839, 49, 8, 32768),
(430, 6143, 50, 1, 0),
(431, 14335, 50, 10, 6144),
(432, 16383, 50, 10, 14336),
(433, 20479, 50, 10, 16384),
(434, 22783, 50, 9, 20480),
(435, 24575, 50, 10, 22784),
(436, 26623, 50, 2, 24576),
(437, 32607, 50, 10, 26624),
(438, 32631, 50, 9, 32608),
(439, 32767, 50, 10, 32632),
(440, 163839, 50, 8, 32768),
(441, 6143, 51, 1, 0),
(442, 16383, 51, 10, 6144),
(443, 17919, 51, 6, 16384),
(444, 20479, 51, 10, 17920),
(445, 22556, 51, 9, 20480),
(446, 24575, 51, 10, 22557),
(447, 26623, 51, 2, 24576),
(448, 32767, 51, 10, 26624),
(449, 163839, 51, 8, 32768),
(450, 6143, 52, 1, 0),
(451, 16383, 52, 10, 6144),
(452, 18431, 52, 6, 16384),
(453, 20479, 52, 10, 18432),
(454, 22556, 52, 9, 20480),
(455, 24575, 52, 10, 22557),
(456, 26623, 52, 2, 24576),
(457, 32767, 52, 10, 26624),
(458, 98303, 52, 8, 32768),
(459, 6143, 53, 1, 0),
(460, 16383, 53, 10, 6144),
(461, 17919, 53, 6, 16384),
(462, 20479, 53, 10, 17920),
(463, 22556, 53, 9, 20480),
(464, 24575, 53, 10, 22557),
(465, 26623, 53, 2, 24576),
(466, 32767, 53, 10, 26624),
(467, 65535, 53, 8, 32768),
(468, 6143, 54, 1, 0),
(469, 16383, 54, 10, 6144),
(470, 18431, 54, 6, 16384),
(471, 20479, 54, 10, 18432),
(472, 22556, 54, 9, 20480),
(473, 24575, 54, 10, 22557),
(474, 26623, 54, 2, 24576),
(475, 32767, 54, 10, 26624),
(476, 65535, 54, 8, 32768),
(477, 12287, 55, 1, 0),
(478, 16383, 55, 1, 12288),
(479, 32767, 55, 2, 16384),
(480, 65535, 55, 9, 32768),
(481, 12287, 56, 1, 0),
(482, 16383, 56, 1, 12288),
(483, 32767, 56, 1, 16384),
(484, 65535, 56, 9, 32768),
(485, 4095, 57, 1, 0),
(486, 6143, 57, 6, 4096),
(487, 20479, 57, 10, 6144),
(488, 22528, 57, 9, 20480),
(489, 24575, 57, 10, 22529),
(490, 26623, 57, 2, 24576),
(491, 32767, 57, 10, 26624),
(492, 98303, 57, 8, 32768),
(493, 2047, 58, 1, 0),
(494, 4095, 58, 10, 2048),
(495, 5119, 58, 6, 4096),
(496, 20479, 58, 10, 5120),
(497, 22528, 58, 9, 20480),
(498, 24575, 58, 10, 22529),
(499, 26623, 58, 2, 24576),
(500, 32767, 58, 10, 26624),
(501, 65535, 58, 8, 32768),
(502, 4095, 59, 1, 0),
(503, 20479, 59, 10, 4096),
(504, 22527, 59, 9, 20480),
(505, 32607, 59, 10, 22528),
(506, 32631, 59, 9, 32608),
(507, 32767, 59, 10, 32632),
(508, 49151, 59, 8, 32768),
(509, 1023, 60, 1, 0),
(510, 4095, 60, 10, 1024),
(511, 4351, 60, 6, 4096),
(512, 20479, 60, 10, 4352),
(513, 22527, 60, 9, 20480),
(514, 24575, 60, 10, 22528),
(515, 26623, 60, 2, 24576),
(516, 32767, 60, 10, 26624),
(517, 40959, 60, 8, 32768),
(518, 1023, 61, 1, 0),
(519, 4095, 61, 10, 1024),
(520, 4351, 61, 6, 4096),
(521, 20479, 61, 10, 4352),
(522, 22527, 61, 9, 20480),
(523, 24575, 61, 10, 22528),
(524, 26623, 61, 2, 24576),
(525, 32767, 61, 10, 26624),
(526, 36863, 61, 8, 32768),
(527, 1535, 62, 1, 0),
(528, 20479, 62, 10, 1536),
(529, 21250, 62, 9, 20480),
(530, 32607, 62, 10, 21251),
(531, 32631, 62, 9, 32608),
(532, 32767, 62, 10, 32632),
(533, 34815, 62, 8, 32768),
(534, 12287, 63, 1, 0),
(535, 16383, 63, 1, 12288),
(536, 32767, 63, 2, 16384),
(537, 65535, 63, 9, 32768),
(538, 1023, 64, 1, 0),
(539, 16383, 64, 10, 1024),
(540, 16511, 64, 6, 16384),
(541, 20479, 64, 10, 16512),
(542, 22556, 64, 9, 20480),
(543, 32767, 64, 10, 22557),
(544, 40959, 64, 8, 32768),
(545, 2047, 65, 1, 0),
(546, 5119, 65, 10, 2048),
(547, 6143, 65, 10, 5120),
(548, 16383, 65, 10, 6144),
(549, 16511, 65, 6, 16384),
(550, 20479, 65, 10, 16512),
(551, 22556, 65, 9, 20480),
(552, 24575, 65, 10, 22557),
(553, 26623, 65, 2, 24576),
(554, 32767, 65, 10, 26624),
(555, 65535, 65, 8, 32768),
(556, 6143, 66, 1, 0),
(557, 16383, 66, 10, 6144),
(558, 16511, 66, 6, 16384),
(559, 20479, 66, 10, 16512),
(560, 22556, 66, 9, 20480),
(561, 24575, 66, 10, 22557),
(562, 26623, 66, 2, 24576),
(563, 32767, 66, 10, 26624),
(564, 98303, 66, 8, 32768),
(565, 6143, 67, 1, 0),
(566, 16383, 67, 10, 6144),
(567, 18431, 67, 6, 16384),
(568, 20479, 67, 10, 18432),
(569, 22556, 67, 9, 20480),
(570, 24575, 67, 10, 22557),
(571, 26623, 67, 2, 24576),
(572, 32767, 67, 10, 26624),
(573, 98303, 67, 8, 32768),
(574, 6143, 68, 1, 0),
(575, 16383, 68, 10, 6144),
(576, 17407, 68, 6, 16384),
(585, 20479, 68, 10, 17408),
(586, 22556, 68, 9, 20480),
(587, 24575, 68, 10, 22557),
(588, 26623, 68, 2, 24576),
(589, 32767, 68, 10, 26624),
(590, 65535, 68, 8, 32768),
(591, 2047, 69, 1, 0),
(592, 16383, 69, 10, 2048),
(593, 16895, 69, 6, 16384),
(594, 20479, 69, 10, 16896),
(595, 22556, 69, 9, 20480),
(596, 24575, 69, 10, 22557),
(597, 26623, 69, 2, 24576),
(598, 32767, 69, 10, 26624),
(599, 49151, 69, 8, 32768),
(600, 6143, 70, 1, 0),
(601, 20479, 70, 10, 6144),
(602, 22556, 70, 9, 20480),
(603, 24575, 70, 10, 22557),
(604, 26623, 70, 2, 24576),
(605, 32767, 70, 10, 26624),
(606, 98303, 70, 8, 32768),
(607, 2047, 71, 1, 0),
(608, 16383, 71, 10, 2048),
(609, 16767, 71, 6, 16384),
(610, 20479, 71, 10, 16768),
(611, 22556, 71, 9, 20480),
(612, 24575, 71, 10, 22557),
(613, 26623, 71, 2, 24576),
(614, 32767, 71, 10, 26624),
(615, 40959, 71, 8, 32768),
(616, 2047, 72, 1, 0),
(617, 4095, 72, 10, 2048),
(618, 4351, 72, 6, 4096),
(619, 20479, 72, 10, 4352),
(620, 22528, 72, 9, 20480),
(621, 24575, 72, 10, 22529),
(622, 26623, 72, 2, 24576),
(623, 32767, 72, 10, 26624),
(624, 65535, 72, 8, 32768),
(625, 4095, 73, 1, 0),
(626, 4351, 73, 6, 4096),
(627, 20479, 73, 10, 4352),
(628, 22528, 73, 9, 20480),
(629, 24575, 73, 10, 22529),
(630, 26623, 73, 2, 24576),
(631, 32767, 73, 10, 26624),
(632, 65535, 73, 8, 32768),
(633, 98303, 73, 8, 32768),
(634, 1023, 74, 1, 0),
(635, 4095, 74, 10, 1024),
(636, 4351, 74, 6, 4096),
(637, 20479, 74, 10, 4352),
(638, 22528, 74, 9, 20480),
(639, 24575, 74, 10, 22529),
(640, 26623, 74, 2, 24576),
(641, 32767, 74, 10, 26624),
(642, 40959, 74, 8, 32768),
(643, 6143, 75, 1, 0),
(644, 16383, 75, 10, 6144),
(645, 17407, 75, 6, 16384),
(646, 20479, 75, 10, 17920),
(647, 22556, 75, 9, 20480),
(648, 24575, 75, 10, 22557),
(649, 26623, 75, 2, 24576),
(650, 32767, 75, 10, 26624),
(651, 98303, 75, 8, 32768),
(652, 1023, 76, 1, 0),
(653, 16383, 76, 10, 1024),
(654, 17023, 76, 6, 16384),
(655, 20479, 76, 10, 17024),
(656, 22556, 76, 9, 20480),
(657, 32767, 76, 10, 22557),
(658, 40959, 76, 8, 32768),
(659, 2047, 77, 1, 0),
(660, 4095, 77, 10, 2048),
(661, 5119, 77, 6, 4096),
(662, 20479, 77, 10, 5120),
(663, 22528, 77, 9, 20480),
(664, 24575, 77, 10, 22529),
(665, 26623, 77, 2, 24576),
(666, 32767, 77, 10, 26624),
(667, 40959, 77, 8, 32768),
(668, 1023, 78, 1, 0),
(669, 16383, 78, 10, 1024),
(670, 17023, 78, 6, 16384),
(671, 20479, 78, 10, 17024),
(672, 22556, 78, 9, 20480),
(673, 32767, 78, 10, 22557),
(674, 36863, 78, 8, 32768);
--
-- Data for table `McuList`
--
INSERT INTO `McuList` (`DbId`, `DieDbId`, `Maturity`, `McuName`) VALUES
(3, 3, 3, 'STM75F51x-proto'),
(4, 4, 0, 'STM75F75x'),
(5, 1, 0, 'STM75F51x'),
(6, 6, 1, 'ST79TC'),
(7, 7, 3, 'STM75F75x-proto'),
(8, 8, 0, 'STM8AF51AA'),
(9, 9, 3, 'ST79_EMULATOR'),
(10, 10, 3, 'STM8L-8K-SWIM_EMU'),
(11, 11, 3, 'STM8AF616xx'),
(12, 13, 0, 'STM8AF519A'),
(13, 14, 0, 'STM8AF5189'),
(14, 15, 0, 'STM8AF5178'),
(15, 16, 0, 'STM8AF5169'),
(16, 8, 0, 'STM8AF61AA'),
(17, 13, 0, 'STM8AF619A'),
(18, 14, 0, 'STM8AF6189'),
(19, 15, 0, 'STM8AF6179'),
(20, 16, 0, 'STM8AF6169'),
(21, 17, 0, 'STM8AF6148'),
(22, 12, 3, 'STM8AF51B-proto'),
(23, 27, 0, 'STM8S208MB'),
(24, 27, 0, 'STM8S208RB'),
(26, 8, 0, 'STM8AF51A9'),
(27, 18, 3, 'STM8S-8K-SWIM_EMU'),
(28, 8, 0, 'STM8AF51A8'),
(29, 13, 0, 'STM8AF5199'),
(30, 13, 0, 'STM8AF5198'),
(31, 14, 0, 'STM8AF5188'),
(32, 15, 0, 'STM8AF5179'),
(37, 8, 0, 'STM8AF61A9'),
(38, 8, 0, 'STM8AF61A8'),
(39, 13, 0, 'STM8AF6199'),
(40, 13, 0, 'STM8AF6198'),
(41, 14, 0, 'STM8AF6188'),
(42, 14, 0, 'STM8AF6186'),
(43, 15, 0, 'STM8AF6178'),
(44, 15, 0, 'STM8AF6176'),
(45, 34, 0, 'STM8AF6168'),
(46, 34, 0, 'STM8AF6166'),
(47, 17, 0, 'STM8AF6146'),
(48, 27, 0, 'STM8S207MB'),
(49, 27, 0, 'STM8S207RB'),
(50, 27, 0, 'STM8S207CB'),
(51, 29, 0, 'STM8S207R8'),
(52, 29, 0, 'STM8S207C8'),
(53, 29, 0, 'STM8S207S8'),
(54, 30, 0, 'STM8S207R6'),
(61, 31, 0, 'STM8S105C6'),
(62, 31, 0, 'STM8S105S6'),
(63, 31, 0, 'STM8S105K6'),
(64, 32, 0, 'STM8S105C4'),
(65, 32, 0, 'STM8S105S4'),
(66, 32, 0, 'STM8S105K4'),
(69, 19, 3, 'STM8L-32K-SWIM_EMU'),
(70, 20, 1, 'STM8L101x3_cut1'),
(73, 25, 0, 'STM8AH5169'),
(75, 24, 0, 'STM8AH5178'),
(76, 24, 0, 'STM8AH5179'),
(78, 23, 0, 'STM8AH5188'),
(79, 23, 0, 'STM8AH5189'),
(80, 22, 0, 'STM8AH5198'),
(81, 22, 0, 'STM8AH5199'),
(82, 22, 0, 'STM8AH519A'),
(83, 21, 0, 'STM8AH51A8'),
(84, 21, 0, 'STM8AH51A9'),
(85, 21, 0, 'STM8AH51AA'),
(86, 26, 0, 'STM8AH6146'),
(87, 26, 0, 'STM8AH6148'),
(88, 35, 0, 'STM8AH6166'),
(89, 35, 0, 'STM8AH6168'),
(90, 25, 0, 'STM8AH6169'),
(91, 24, 0, 'STM8AH6176'),
(92, 24, 0, 'STM8AH6178'),
(93, 24, 0, 'STM8AH6179'),
(94, 23, 0, 'STM8AH6186'),
(95, 23, 0, 'STM8AH6188'),
(96, 23, 0, 'STM8AH6189'),
(97, 22, 0, 'STM8AH6198'),
(98, 22, 0, 'STM8AH6199'),
(99, 22, 0, 'STM8AH619A'),
(100, 21, 0, 'STM8AH61A8'),
(101, 21, 0, 'STM8AH61A9'),
(102, 21, 0, 'STM8AH61AA'),
(103, 33, 0, 'STM8S103F3U'),
(104, 33, 1, 'STM8S103K3U'),
(105, 30, 0, 'STM8S207K6'),
(106, 33, 0, 'STM8S903K3'),
(107, 37, 0, 'STM8L101F2P'),
(108, 37, 0, 'STM8L101G2U'),
(110, 36, 0, 'STM8L101G3U'),
(111, 36, 0, 'STM8L101K3U'),
(112, 38, 1, 'STM8AF51B9'),
(113, 38, 1, 'STM8AF51BA'),
(114, 38, 1, 'STM8AF51BB'),
(115, 38, 1, 'STM8AF51BC'),
(116, 39, 0, 'STM8S103F2U'),
(117, 30, 0, 'STM8S207C6'),
(118, 30, 0, 'STM8S207S6'),
(119, 37, 0, 'STM8L101F2U'),
(120, 36, 0, 'STM8L101F3U'),
(121, 40, 0, 'STM8L151G6'),
(122, 40, 0, 'STM8L151K6'),
(123, 40, 0, 'STM8L152C6'),
(124, 40, 0, 'STM8L152K6'),
(125, 36, 0, 'STM8L101K3T'),
(126, 36, 0, 'STM8L101F3P'),
(127, 39, 0, 'STM8S103F2P'),
(128, 33, 0, 'STM8S103F3P'),
(130, 42, 3, 'STM8AF518-proto'),
(131, 40, 0, 'STM8L151C6'),
(132, 43, 0, 'STM8L151C4'),
(133, 43, 0, 'STM8L151G4'),
(134, 43, 0, 'STM8L151K4'),
(135, 43, 0, 'STM8L152C4'),
(136, 43, 0, 'STM8L152K4'),
(137, 44, 1, 'STM8AALux-proto'),
(138, 45, 1, 'STM8ABLux-proto'),
(139, 52, 0, 'STM8S207M8'),
(140, 51, 0, 'STM8S207SB'),
(141, 54, 0, 'STM8S208C6'),
(142, 54, 0, 'STM8S208R6'),
(143, 53, 0, 'STM8S208S6'),
(144, 52, 0, 'STM8S208C8'),
(145, 52, 0, 'STM8S208R8'),
(146, 29, 0, 'STM8S208S8'),
(147, 27, 0, 'STM8S208CB'),
(148, 51, 0, 'STM8S208SB'),
(149, 16, 0, 'STM8AF5168'),
(150, 25, 0, 'STM8AH5168'),
(151, 67, 0, 'STM8AF618A'),
(152, 70, 0, 'STM8AH618A'),
(153, 46, 0, 'STM8AF6126'),
(154, 47, 0, 'STM8AH6126'),
(155, 38, 1, 'STM8AF61B9'),
(156, 38, 1, 'STM8AF61BA'),
(157, 38, 1, 'STM8AF61BB'),
(158, 38, 1, 'STM8AF61BC'),
(159, 49, 1, 'STM8AF51AB'),
(160, 49, 1, 'STM8AF51AC'),
(161, 49, 1, 'STM8AF61AB'),
(162, 49, 1, 'STM8AF61AC'),
(163, 48, 1, 'STM8AH51B9'),
(164, 48, 1, 'STM8AH51BA'),
(165, 48, 1, 'STM8AH51BB'),
(166, 48, 1, 'STM8AH51BC'),
(167, 48, 1, 'STM8AH61BB'),
(168, 48, 1, 'STM8AH61BC'),
(169, 50, 1, 'STM8AH51AB'),
(170, 50, 1, 'STM8AH51AC'),
(171, 50, 1, 'STM8AH61AB'),
(172, 50, 1, 'STM8AH61AC'),
(173, 67, 0, 'STM8AF518A'),
(174, 70, 0, 'STM8AH518A'),
(175, 48, 1, 'STM8AH61B9'),
(176, 48, 1, 'STM8AH61BA'),
(177, 55, 1, 'STM8AMS'),
(178, 56, 1, 'STM8AMS_FPGA'),
(179, 57, 0, 'STM8L152M8'),
(180, 33, 0, 'STM8S903F3'),
(181, 57, 0, 'STM8L152C8'),
(182, 57, 0, 'STM8L152R8'),
(183, 68, 0, 'STM8AF5268'),
(184, 68, 0, 'STM8AF5269'),
(187, 67, 0, 'STM8AF5288'),
(188, 67, 0, 'STM8AF5289'),
(189, 67, 0, 'STM8AF528A'),
(193, 8, 0, 'STM8AF52A8'),
(194, 8, 0, 'STM8AF52A9'),
(195, 8, 0, 'STM8AF52AA'),
(196, 71, 0, 'STM8AF6226TxSSS'),
(197, 69, 0, 'STM8AF6246'),
(198, 69, 0, 'STM8AF6248'),
(199, 34, 0, 'STM8AF6266'),
(200, 34, 0, 'STM8AF6268'),
(201, 68, 0, 'STM8AF6269'),
(205, 67, 0, 'STM8AF6286'),
(206, 67, 0, 'STM8AF6288'),
(207, 67, 0, 'STM8AF6289'),
(208, 67, 0, 'STM8AF628A'),
(212, 8, 0, 'STM8AF62A8'),
(213, 8, 0, 'STM8AF62A9'),
(214, 8, 0, 'STM8AF62AA'),
(247, 57, 0, 'STM8L151C8'),
(248, 57, 0, 'STM8L151M8'),
(249, 57, 0, 'STM8L151R8'),
(250, 57, 0, 'STM8L162M8'),
(251, 57, 0, 'STM8L162R8'),
(252, 58, 0, 'STM8L151R6'),
(253, 58, 0, 'STM8L152R6'),
(254, 59, 1, 'STM8TL53K4'),
(255, 59, 0, 'STM8TL53C4'),
(256, 60, 0, 'STM8L151G3'),
(257, 60, 0, 'STM8L151K3'),
(258, 60, 0, 'STM8L151C3'),
(259, 57, 1, 'STM8L150M8'),
(260, 57, 1, 'STM8L150R8'),
(261, 58, 1, 'STM8L150R6'),
(262, 57, 1, 'STM8L150C8'),
(263, 60, 0, 'STM8L151F3'),
(264, 61, 0, 'STM8L151F2'),
(265, 61, 0, 'STM8L151G2'),
(266, 62, 0, 'STM8L101F1'),
(267, 61, 0, 'STM8L151C2'),
(268, 61, 0, 'STM8L151K2'),
(269, 59, 0, 'STM8TL53G4'),
(270, 63, 1, 'STM8AMS_ROM'),
(271, 64, 0, 'STM8S003F3'),
(272, 64, 0, 'STM8S003K3'),
(273, 65, 0, 'STM8S005C6'),
(274, 65, 0, 'STM8S005K6'),
(275, 66, 0, 'STM8S007C8'),
(276, 52, 0, 'STM8S208M8'),
(277, 59, 1, 'STM8TL53C4U6A'),
(278, 59, 0, 'STM8TL53F4'),
(279, 36, 1, 'STM8AL3036'),
(280, 43, 0, 'STM8AL3146'),
(281, 43, 0, 'STM8AL3148'),
(282, 43, 0, 'STM8AL3L46'),
(283, 43, 0, 'STM8AL3L48'),
(284, 40, 0, 'STM8AL3166'),
(285, 40, 0, 'STM8AL3168'),
(286, 40, 0, 'STM8AL3L66'),
(287, 40, 0, 'STM8AL3L68'),
(288, 40, 1, 'STM8L151APLU6'),
(289, 40, 1, 'STM8L151APLY6'),
(290, 8, 0, 'STM8AF62A6'),
(291, 75, 0, 'STM8S207K8'),
(292, 59, 0, 'STM8TL52F4'),
(293, 59, 0, 'STM8TL52G4'),
(294, 72, 0, 'STM8L052C6'),
(295, 73, 0, 'STM8L052R8'),
(296, 74, 0, 'STM8L051F3'),
(297, 74, 1, 'STM8L051K3'),
(298, 33, 0, 'STM8S103K3'),
(299, 76, 0, 'STM8AF6223'),
(300, 76, 0, 'STM8AF6223PxA'),
(301, 76, 0, 'STM8AF6226'),
(302, 77, 0, 'STM8AL3136xxSSS'),
(303, 77, 0, 'STM8AL3138xxSSS'),
(304, 36, 1, 'STM8AL3033'),
(305, 37, 1, 'STM8AL3023'),
(306, 37, 1, 'STM8AL3026'),
(307, 67, 0, 'STM8AF5286'),
(308, 8, 0, 'STM8AF52A6'),
(309, 57, 0, 'STM8AL3188'),
(310, 57, 0, 'STM8AL3L88'),
(311, 57, 0, 'STM8AL31E88'),
(312, 57, 0, 'STM8AL3LE88'),
(313, 78, 0, 'STM8AF6213'),
(314, 57, 0, 'STM8AL3189'),
(315, 57, 0, 'STM8AL3L89'),
(316, 57, 0, 'STM8AL318A'),
(317, 57, 0, 'STM8AL3L8A'),
(318, 57, 0, 'STM8AL31E89'),
(319, 57, 0, 'STM8AL3LE89'),
(320, 57, 0, 'STM8AL31E8A'),
(321, 57, 0, 'STM8AL3LE8A'),
(322, 76, 0, 'STM8AF6223A');
--
-- Data for table `McuOptions`
--
INSERT INTO `McuOptions` (`DbId`, `Name`, `Scope`, `SetId`, `Type`) VALUES
(1, 'BOR_Select', 0, 2, 2),
(2, 'WDG_CPU', 0, 2, 2),
(3, 'WDG_32K', 0, 2, 2),
(4, 'WDG.HALT', 0, 2, 2),
(5, '5V_Tol', 0, 2, 2),
(6, 'FMP_R', 0, 2, 2),
(7, 'FMP_W', 0, 2, 2),
(15, 'BORTHR', 0, 3, 2),
(16, 'WWDG_HW', 0, 3, 2),
(17, 'IWDG_HW', 0, 3, 2),
(18, 'WWDG_HALT', 0, 3, 2),
(19, 'IO_5V', 0, 3, 2),
(20, 'ROP', 0, 3, 2),
(21, 'FPWP', 0, 3, 2),
(22, 'WMP', 0, 4, 2),
(23, 'Alternate_Function_Option1', 0, 4, 2),
(24, 'Alternate_Function_Option2', 0, 4, 2),
(25, 'EEPROM_speed', 0, 4, 2),
(26, 'SWIM_Clock_Divider', 0, 4, 2),
(27, 'Low_Speed_Watchdog', 0, 4, 2),
(28, 'Watchdog', 0, 4, 2),
(29, 'Reset_on_Halt', 0, 4, 2),
(31, 'UBC', 0, 5, 2),
(32, 'ROP', 0, 5, 2),
(33, 'AFR0', 0, 5, 2),
(34, 'AFR1', 0, 5, 2),
(35, 'AFR2', 0, 5, 2),
(36, 'AFR3', 0, 5, 2),
(37, 'AFR4', 0, 5, 2),
(38, 'AFR5', 0, 5, 2),
(39, 'AFR6', 0, 5, 2),
(40, 'AFR7', 0, 5, 2),
(41, 'LSI_EN', 0, 5, 2),
(42, 'IWDG_HW', 0, 5, 2),
(43, 'WWDG_HW', 0, 5, 2),
(44, 'WWDG_HALT', 0, 5, 2),
(45, 'EXTCLK', 0, 5, 2),
(46, 'CKAWUSEL', 0, 5, 2),
(47, 'PRSC', 0, 5, 2),
(48, 'Flash_Wait_States', 0, 5, 2),
(49, 'Timer4', 0, 5, 0),
(50, 'Timer2', 0, 5, 0),
(51, 'Timer3', 0, 5, 0),
(52, 'Timer1', 0, 5, 0),
(53, 'I2C', 0, 5, 0),
(55, 'UBC', 0, 6, 2),
(56, 'ROP', 0, 6, 2),
(57, 'AFR0', 0, 6, 2),
(58, 'AFR1', 0, 6, 2),
(59, 'AFR2', 0, 6, 2),
(60, 'AFR3', 0, 6, 2),
(61, 'AFR4', 0, 6, 2),
(62, 'AFR5', 0, 6, 2),
(63, 'AFR6', 0, 6, 2),
(64, 'AFR7', 0, 6, 2),
(65, 'LSI_EN', 0, 6, 2),
(66, 'IWDG_HW', 0, 6, 2),
(67, 'WWDG_HW', 0, 6, 2),
(68, 'WWDG_HALT', 0, 6, 2),
(69, 'EXTCLK', 0, 6, 2),
(70, 'CKAWUSEL', 0, 6, 2),
(71, 'PRSC', 0, 6, 2),
(72, 'Flash_Wait_States', 0, 6, 2),
(73, 'Timer4', 0, 6, 0),
(74, 'Timer2', 0, 6, 0),
(75, 'Timer3', 0, 6, 0),
(76, 'Timer1', 0, 6, 0),
(77, 'I2C', 0, 6, 0),
(78, 'Package', 0, 6, 3),
(79, 'ROP', 0, 7, 2),
(83, 'Package', 0, 7, 3),
(84, 'QST_EN', 0, 7, 3),
(85, 'ENFCT0', 0, 7, 0),
(86, 'ENFCT1', 0, 7, 0),
(87, 'ENFCT2', 0, 7, 0),
(88, 'ENFCT3', 0, 7, 0),
(89, 'ENFCT4', 0, 7, 0),
(90, 'ENFCT5', 0, 7, 0),
(91, 'ENFCT6', 0, 7, 0),
(92, 'ENFCT7', 0, 7, 0),
(93, 'ROP', 0, 8, 2),
(94, 'UBC', 0, 8, 2),
(95, 'AFR0', 0, 8, 2),
(96, 'AFR1', 0, 8, 2),
(97, 'AFR2', 0, 8, 2),
(98, 'AFR3', 0, 8, 2),
(99, 'AFR4', 0, 8, 2),
(100, 'AFR5', 0, 8, 2),
(101, 'AFR6', 0, 8, 2),
(102, 'AFR7', 0, 8, 2),
(103, 'LSI_EN', 0, 8, 2),
(104, 'IWDG_HW', 0, 8, 2),
(105, 'WWDG_HW', 0, 8, 2),
(106, 'WWDG_HALT', 0, 8, 2),
(107, 'EXTCLK', 0, 8, 2),
(108, 'CKAWUSEL', 0, 8, 2),
(109, 'PRSC', 0, 8, 2),
(110, 'Flash_Wait_States', 0, 8, 2),
(111, 'Timer4', 0, 8, 0),
(112, 'Timer2', 0, 8, 0),
(113, 'Timer3', 0, 8, 0),
(114, 'Timer1', 0, 8, 0),
(115, 'I2C', 0, 8, 0),
(116, 'Package', 0, 8, 3),
(117, 'PCODESIZE_bit6', 0, 7, 1),
(118, 'PCODESIZE_bit5', 0, 7, 1),
(119, 'PCODESIZE_bit4', 0, 7, 1),
(120, 'PCODESIZE_bit3', 0, 7, 1),
(121, 'PCODESIZE_bit2', 0, 7, 1),
(122, 'PCODESIZE_bit1', 0, 7, 1),
(123, 'PCODESIZE_bit0', 0, 7, 1),
(124, 'UBC_bit6', 0, 7, 2),
(125, 'UBC_bit5', 0, 7, 2),
(126, 'UBC_bit4', 0, 7, 2),
(127, 'UBC_bit3', 0, 7, 2),
(128, 'UBC_bit2', 0, 7, 2),
(129, 'UBC_bit1', 0, 7, 2),
(130, 'UBC_bit0', 0, 7, 2),
(131, 'DATASIZE_bit5', 0, 7, 2),
(132, 'DATASIZE_bit4', 0, 7, 2),
(133, 'DATASIZE_bit3', 0, 7, 2),
(134, 'DATASIZE_bit2', 0, 7, 2),
(135, 'DATASIZE_bit1', 0, 7, 2),
(136, 'DATASIZE_bit0', 0, 7, 2),
(137, 'ROP', 0, 9, 2),
(138, 'UBC', 0, 9, 2),
(139, 'AFR0', 0, 9, 2),
(140, 'AFR1', 0, 9, 2),
(147, 'LSI_EN', 0, 9, 2),
(148, 'IWDG_HW', 0, 9, 2),
(149, 'WWDG_HW', 0, 9, 2),
(150, 'WWDG_HALT', 0, 9, 2),
(151, 'EXTCLK', 0, 9, 2),
(152, 'CKAWUSEL', 0, 9, 2),
(153, 'PRSC', 0, 9, 2),
(154, 'Flash_Wait_States', 0, 9, 2),
(155, 'System_Timer', 0, 9, 0),
(156, 'Timer2', 0, 9, 0),
(157, 'Timer3', 0, 9, 0),
(158, 'Timer1', 0, 9, 0),
(159, 'Timer5', 0, 9, 0),
(160, 'Package', 0, 9, 3),
(161, '16MhzTRIM', 0, 9, 2),
(162, 'VCAP2', 0, 9, 3),
(163, 'I2C2', 0, 9, 0),
(164, 'I2C1', 0, 9, 0),
(165, 'ROP', 0, 10, 2),
(166, 'UBC', 0, 10, 2),
(167, 'AFR0', 0, 10, 2),
(168, 'AFR1', 0, 10, 2),
(169, 'AFR2', 0, 10, 2),
(170, 'AFR3', 0, 10, 2),
(171, 'AFR4', 0, 10, 2),
(172, 'AFR5', 0, 10, 2),
(173, 'AFR6', 0, 10, 2),
(174, 'AFR7', 0, 10, 2),
(175, 'LSI_EN', 0, 10, 2),
(176, 'IWDG_HW', 0, 10, 2),
(177, 'WWDG_HW', 0, 10, 2),
(178, 'WWDG_HALT', 0, 10, 2),
(179, 'EXTCLK', 0, 10, 2),
(180, 'CKAWUSEL', 0, 10, 2),
(181, 'PRSC', 0, 10, 2),
(182, 'Package', 0, 10, 3),
(183, 'HSECNT0', 0, 5, 2),
(184, 'HSECNT1', 0, 5, 2),
(185, 'HSECNT2', 0, 5, 2),
(186, 'HSECNT3', 0, 5, 2),
(187, 'HSECNT4', 0, 5, 2),
(188, 'HSECNT5', 0, 5, 2),
(189, 'HSECNT6', 0, 5, 2),
(190, 'HSECNT7', 0, 5, 2),
(191, 'ROP', 0, 11, 2),
(192, 'ENFCT0', 0, 11, 0),
(193, 'ENFCT1', 0, 11, 0),
(194, 'ENFCT2', 0, 11, 0),
(195, 'ENFCT3', 0, 11, 0),
(196, 'ENFCT4', 0, 11, 0),
(197, 'ENFCT5', 0, 11, 0),
(198, 'ENFCT6', 0, 11, 0),
(199, 'ENFCT7', 0, 11, 0),
(200, 'PCODESIZE_bit6', 0, 11, 1),
(201, 'PCODESIZE_bit5', 0, 11, 1),
(202, 'PCODESIZE_bit4', 0, 11, 1),
(203, 'PCODESIZE_bit3', 0, 11, 1),
(204, 'PCODESIZE_bit2', 0, 11, 1),
(205, 'PCODESIZE_bit1', 0, 11, 1),
(206, 'PCODESIZE_bit0', 0, 11, 1),
(207, 'UBC_bit6', 0, 11, 2),
(208, 'UBC_bit5', 0, 11, 2),
(209, 'UBC_bit4', 0, 11, 2),
(210, 'UBC_bit3', 0, 11, 2),
(211, 'UBC_bit2', 0, 11, 2),
(212, 'UBC_bit1', 0, 11, 2),
(213, 'UBC_bit0', 0, 11, 2),
(214, 'DATASIZE_bit5', 0, 11, 2),
(215, 'DATASIZE_bit4', 0, 11, 2),
(216, 'DATASIZE_bit3', 0, 11, 2),
(217, 'DATASIZE_bit2', 0, 11, 2),
(218, 'DATASIZE_bit1', 0, 11, 2),
(219, 'IWDG_HALT', 0, 11, 2),
(220, 'IWDG_HW', 0, 11, 2),
(221, 'IWDG_HALT', 0, 7, 2),
(222, 'IWDG_HW', 0, 7, 2),
(226, 'ROP', 0, 12, 2),
(227, 'UBC', 0, 12, 2),
(228, 'AFR0', 0, 12, 2),
(229, 'AFR1', 0, 12, 2),
(230, 'AFR2', 0, 12, 2),
(231, 'AFR3', 0, 12, 2),
(232, 'AFR4', 0, 12, 2),
(233, 'AFR5', 0, 12, 2),
(234, 'AFR6', 0, 12, 2),
(235, 'AFR7', 0, 12, 2),
(236, 'LSI_EN', 0, 12, 2),
(237, 'IWDG_HW', 0, 12, 2),
(238, 'WWDG_HW', 0, 12, 2),
(239, 'WWDG_HALT', 0, 12, 2),
(240, 'EXTCLK', 0, 12, 2),
(241, 'CKAWUSEL', 0, 12, 2),
(242, 'PRSC', 0, 12, 2),
(243, 'HSECNT0', 0, 12, 2),
(244, 'HSECNT1', 0, 12, 2),
(245, 'HSECNT2', 0, 12, 2),
(246, 'HSECNT3', 0, 12, 2),
(247, 'HSECNT4', 0, 12, 2),
(248, 'HSECNT5', 0, 12, 2),
(249, 'HSECNT6', 0, 12, 2),
(250, 'HSECNT7', 0, 12, 2),
(251, 'HSITRIM', 0, 12, 2),
(252, 'UBC', 0, 13, 2),
(253, 'ROP', 0, 13, 2),
(254, 'AFR0', 0, 13, 2),
(255, 'AFR1', 0, 13, 2),
(256, 'AFR2', 0, 13, 2),
(257, 'AFR3', 0, 13, 2),
(258, 'AFR4', 0, 13, 2),
(259, 'AFR5', 0, 13, 2),
(260, 'AFR6', 0, 13, 2),
(261, 'AFR7', 0, 13, 2),
(262, 'HSITRIM', 0, 13, 2),
(263, 'LSI_EN', 0, 13, 2),
(264, 'IWDG_HW', 0, 13, 2),
(265, 'WWDG_HW', 0, 13, 2),
(266, 'WWDG_HALT', 0, 13, 2),
(267, 'EXTCLK', 0, 13, 2),
(268, 'CKAWUSEL', 0, 13, 2),
(269, 'PRSC', 0, 13, 2),
(271, 'Timer4', 0, 13, 0),
(272, 'Timer2', 0, 13, 0),
(273, 'Timer3', 0, 13, 0),
(274, 'Timer1', 0, 13, 0),
(275, 'I2C', 0, 13, 0),
(276, 'HSECNT0', 0, 13, 2),
(277, 'HSECNT1', 0, 13, 2),
(278, 'HSECNT2', 0, 13, 2),
(279, 'HSECNT3', 0, 13, 2),
(280, 'HSECNT4', 0, 13, 2),
(281, 'HSECNT5', 0, 13, 2),
(282, 'HSECNT6', 0, 13, 2),
(283, 'HSECNT7', 0, 13, 2),
(284, 'ROP', 0, 14, 2),
(285, 'Package', 0, 14, 3),
(286, 'TLI_IT', 0, 14, 3),
(287, 'ENFCT0', 0, 14, 0),
(288, 'ENFCT1', 0, 14, 0),
(289, 'ENFCT2', 0, 14, 0),
(290, 'ENFCT3', 0, 14, 0),
(291, 'ENFCT4', 0, 14, 0),
(292, 'ENFCT5', 0, 14, 0),
(293, 'ENFCT6', 0, 14, 0),
(294, 'ENFCT7', 0, 14, 0),
(295, 'PCODESIZE_bit6', 0, 14, 1),
(296, 'PCODESIZE_bit5', 0, 14, 1),
(297, 'PCODESIZE_bit4', 0, 14, 1),
(298, 'PCODESIZE_bit3', 0, 14, 1),
(299, 'PCODESIZE_bit2', 0, 14, 1),
(300, 'PCODESIZE_bit1', 0, 14, 1),
(301, 'PCODESIZE_bit0', 0, 14, 1),
(302, 'UBC_bit6', 0, 14, 2),
(303, 'UBC_bit5', 0, 14, 2),
(304, 'UBC_bit4', 0, 14, 2),
(305, 'UBC_bit3', 0, 14, 2),
(306, 'UBC_bit2', 0, 14, 2),
(307, 'UBC_bit1', 0, 14, 2),
(308, 'UBC_bit0', 0, 14, 2),
(309, 'DATASIZE_bit0', 0, 11, 2),
(310, 'WWDG_HALT', 0, 14, 2),
(311, 'WWDG_HW', 0, 14, 2),
(312, 'IWDG_HALT', 0, 14, 2),
(313, 'IWDG_HW', 0, 14, 2),
(314, 'BLCHECK1', 0, 14, 2),
(315, 'BLCHECK2', 0, 14, 2),
(316, 'HSESTB', 0, 14, 2),
(317, 'LSESTB', 0, 14, 2),
(318, 'PCODESIZE_bit7', 0, 14, 1),
(319, 'UBC_bit7', 0, 14, 2),
(320, 'ROP', 0, 15, 2),
(321, 'I2C', 0, 15, 0),
(322, 'Timer2', 0, 15, 0),
(323, 'Timer3', 0, 15, 0),
(325, 'Timer4', 0, 15, 0),
(329, 'UBC_bit6', 0, 15, 2),
(330, 'UBC_bit5', 0, 15, 2),
(331, 'UBC_bit4', 0, 15, 2),
(332, 'UBC_bit3', 0, 15, 2),
(333, 'UBC_bit2', 0, 15, 2),
(334, 'UBC_bit1', 0, 15, 2),
(335, 'UBC_bit0', 0, 15, 2),
(336, 'DATASIZE_bit5', 0, 15, 2),
(337, 'DATASIZE_bit4', 0, 15, 2),
(338, 'DATASIZE_bit3', 0, 15, 2),
(339, 'DATASIZE_bit2', 0, 15, 2),
(340, 'DATASIZE_bit1', 0, 15, 2),
(341, 'DATASIZE_bit0', 0, 15, 2),
(342, 'IWDG_HALT', 0, 15, 2),
(343, 'IWDG_HW', 0, 15, 2),
(344, 'ROP', 0, 16, 2),
(345, 'UBC', 0, 16, 2),
(346, 'AFR0', 0, 16, 2),
(347, 'AFR1', 0, 16, 2),
(348, '16MhzTRIM', 0, 16, 2),
(349, 'LSI_EN', 0, 16, 2),
(350, 'IWDG_HW', 0, 16, 2),
(351, 'WWDG_HW', 0, 16, 2),
(352, 'WWDG_HALT', 0, 16, 2),
(353, 'EXTCLK', 0, 16, 2),
(354, 'CKAWUSEL', 0, 16, 2),
(355, 'PRSC', 0, 16, 2),
(356, 'Flash_Wait_States', 0, 16, 2),
(357, 'System_Timer', 0, 16, 0),
(358, 'Timer2', 0, 16, 0),
(359, 'Timer3', 0, 16, 0),
(360, 'Timer1', 0, 16, 0),
(361, 'Timer5', 0, 16, 0),
(362, 'I2C2', 0, 16, 0),
(363, 'I2C1', 0, 16, 0),
(364, 'Timer4', 0, 12, 0),
(365, 'Timer2', 0, 12, 0),
(366, 'Timer1', 0, 12, 0),
(367, 'I2C', 0, 12, 0),
(368, 'ROP', 0, 17, 2),
(369, 'I2C', 0, 17, 0),
(370, 'Timer1', 0, 17, 0),
(371, 'Timer2', 0, 17, 0),
(372, 'Timer3', 0, 17, 0),
(373, 'Timer4', 0, 17, 0),
(374, 'DMA', 0, 17, 0),
(375, 'RTC', 0, 17, 0),
(377, 'PCODESIZE_bit7', 1, 17, 1),
(378, 'PCODESIZE_bit6', 1, 17, 1),
(379, 'PCODESIZE_bit5', 1, 17, 1),
(380, 'PCODESIZE_bit4', 1, 17, 1),
(381, 'PCODESIZE_bit3', 1, 17, 1),
(382, 'PCODESIZE_bit2', 1, 17, 1),
(383, 'PCODESIZE_bit1', 1, 17, 1),
(384, 'PCODESIZE_bit0', 1, 17, 1),
(385, 'UBC_bit7', 0, 17, 2),
(386, 'UBC_bit6', 0, 17, 2),
(387, 'UBC_bit5', 0, 17, 2),
(388, 'UBC_bit4', 0, 17, 2),
(389, 'UBC_bit3', 0, 17, 2),
(390, 'UBC_bit2', 0, 17, 2),
(391, 'UBC_bit1', 0, 17, 2),
(392, 'UBC_bit0', 0, 17, 2),
(393, 'WWDG_HALT', 0, 17, 2),
(394, 'WWDG_HW', 0, 17, 2),
(395, 'IWDG_HALT', 0, 17, 2),
(396, 'IWDG_HW', 0, 17, 2),
(397, 'BLCHECK1', 0, 17, 2),
(398, 'BLCHECK2', 0, 17, 2),
(399, 'HSESTB', 0, 17, 2),
(400, 'LSESTB', 0, 17, 2),
(401, 'UBC', 0, 18, 2),
(402, 'ROP', 0, 18, 2),
(403, 'En_Cold_Cfg', 0, 18, 2),
(404, 'LSI_EN', 0, 18, 2),
(405, 'IWDG_HW', 0, 18, 2),
(406, 'WWDG_HW', 0, 18, 2),
(407, 'WWDG_HALT', 0, 18, 2),
(408, 'HSITRIM', 0, 18, 2),
(409, 'PLL_EN', 0, 18, 2),
(410, 'EXTCLK', 0, 18, 2),
(411, 'CKAWUSEL', 0, 18, 2),
(412, 'PRSC', 0, 18, 2),
(413, 'HSECNT0', 0, 18, 2),
(414, 'HSECNT1', 0, 18, 2),
(415, 'HSECNT2', 0, 18, 2),
(416, 'HSECNT3', 0, 18, 2),
(417, 'HSECNT4', 0, 18, 2),
(418, 'HSECNT5', 0, 18, 2),
(419, 'HSECNT6', 0, 18, 2),
(420, 'HSECNT7', 0, 18, 2),
(421, 'Flash_Wait_States', 0, 18, 2),
(422, 'Sel_P0_10', 0, 18, 2),
(423, 'Sel_P0_32', 0, 18, 2),
(424, 'Sel_P0_54', 0, 18, 2),
(425, 'Sel_P1_0', 0, 18, 2),
(426, 'Sel_P1_1', 0, 18, 2),
(427, 'Sel_P1_2', 0, 18, 2),
(428, 'Sel_P1_3', 0, 18, 2),
(429, 'Sel_P1_4', 0, 18, 2),
(430, 'Sel_P1_5', 0, 18, 2),
(431, 'Bootsel0', 0, 18, 2),
(432, 'Bootsel1', 0, 18, 2),
(433, 'Bootsel2', 0, 18, 2),
(434, 'System_Timer', 0, 18, 0),
(435, 'SMEDs', 0, 18, 0),
(436, 'ADC', 0, 18, 0),
(437, 'I2C', 0, 18, 0),
(438, 'BOR_ON', 0, 17, 2),
(439, 'BOR_TH', 0, 17, 2),
(440, 'ROP', 0, 19, 2),
(441, 'I2C', 0, 19, 0),
(442, 'Timer1', 0, 19, 0),
(443, 'Timer2', 0, 19, 0),
(444, 'Timer3', 0, 19, 0),
(445, 'Timer4', 0, 19, 0),
(446, 'DMA', 0, 19, 0),
(447, 'RTC', 0, 19, 0),
(448, 'PCODESIZE_bit7', 0, 19, 1),
(449, 'PCODESIZE_bit6', 0, 19, 1),
(450, 'PCODESIZE_bit5', 0, 19, 1),
(451, 'PCODESIZE_bit4', 0, 19, 1),
(452, 'PCODESIZE_bit3', 0, 19, 1),
(453, 'PCODESIZE_bit2', 0, 19, 1),
(454, 'PCODESIZE_bit1', 0, 19, 1),
(455, 'PCODESIZE_bit0', 0, 19, 1),
(456, 'UBC_bit7', 0, 19, 2),
(457, 'UBC_bit6', 0, 19, 2),
(458, 'UBC_bit5', 0, 19, 2),
(459, 'UBC_bit4', 0, 19, 2),
(460, 'UBC_bit3', 0, 19, 2),
(461, 'UBC_bit2', 0, 19, 2),
(462, 'UBC_bit1', 0, 19, 2),
(463, 'UBC_bit0', 0, 19, 2),
(464, 'WWDG_HALT', 0, 19, 2),
(465, 'WWDG_HW', 0, 19, 2),
(466, 'IWDG_HALT', 0, 19, 2),
(467, 'IWDG_HW', 0, 19, 2),
(468, 'HSESTB', 0, 19, 2),
(469, 'LSESTB', 0, 19, 2),
(470, 'BOR_ON', 0, 19, 2),
(471, 'BOR_TH', 0, 19, 2),
(472, 'Timers', 0, 20, 0),
(473, 'BLCHECK1', 0, 19, 2),
(474, 'BLCHECK2', 0, 19, 2),
(475, 'ROP', 0, 21, 2),
(476, 'BOOTSIZE_bit7', 0, 21, 2),
(477, 'BOOTSIZE_bit6', 0, 21, 2),
(478, 'BOOTSIZE_bit5', 0, 21, 2),
(479, 'BOOTSIZE_bit4', 0, 21, 2),
(480, 'BOOTSIZE_bit3', 0, 21, 2),
(481, 'BOOTSIZE_bit2', 0, 21, 2),
(482, 'BOOTSIZE_bit1', 0, 21, 2),
(483, 'BOOTSIZE_bit0', 0, 21, 2),
(484, 'DATASIZE_bit7', 0, 21, 2),
(485, 'DATASIZE_bit6', 0, 21, 2),
(486, 'DATASIZE_bit5', 0, 21, 2),
(487, 'DATASIZE_bit4', 0, 21, 2),
(488, 'DATASIZE_bit3', 0, 21, 2),
(489, 'DATASIZE_bit2', 0, 21, 2),
(490, 'DATASIZE_bit1', 0, 21, 2),
(491, 'DATASIZE_bit0', 0, 21, 2),
(492, 'PCODESIZE_bit7', 0, 21, 1),
(493, 'PCODESIZE_bit6', 0, 21, 1),
(494, 'PCODESIZE_bit5', 0, 21, 1),
(495, 'PCODESIZE_bit4', 0, 21, 1),
(496, 'PCODESIZE_bit3', 0, 21, 1),
(497, 'PCODESIZE_bit2', 0, 21, 1),
(498, 'PCODESIZE_bit1', 0, 21, 1),
(499, 'PCODESIZE_bit0', 0, 21, 1),
(500, 'PXS_FM', 0, 21, 2),
(501, 'SSCK_INT_bit2', 0, 21, 2),
(502, 'SSCK_INT_bit1', 0, 21, 2),
(503, 'SSCK_INT_bit0', 0, 21, 2),
(504, 'WWDG_HALT', 0, 21, 2),
(505, 'WWDG_HW', 0, 21, 2),
(506, 'IWDG_HALT', 0, 21, 2),
(507, 'IWDG_HW', 0, 21, 2),
(508, 'I2C', 0, 21, 0),
(509, 'Timer2', 0, 21, 0),
(510, 'Timer3', 0, 21, 0),
(511, 'Timer4', 0, 21, 0),
(512, 'PXS', 0, 21, 0),
(513, 'ROP', 0, 22, 2),
(514, 'I2C', 0, 22, 0),
(515, 'Timer1', 0, 22, 0),
(516, 'Timer2', 0, 22, 0),
(517, 'Timer3', 0, 22, 0),
(518, 'Timer4', 0, 22, 0),
(519, 'DMA', 0, 22, 0),
(520, 'RTC', 0, 22, 0),
(521, 'PCODESIZE_bit7', 1, 22, 1),
(522, 'PCODESIZE_bit6', 1, 22, 1),
(523, 'PCODESIZE_bit5', 1, 22, 1),
(524, 'PCODESIZE_bit4', 1, 22, 1),
(525, 'PCODESIZE_bit3', 1, 22, 1),
(526, 'PCODESIZE_bit2', 1, 22, 1),
(527, 'PCODESIZE_bit1', 1, 22, 1),
(528, 'PCODESIZE_bit0', 1, 22, 1),
(529, 'UBC_bit7', 0, 22, 2),
(530, 'UBC_bit6', 0, 22, 2),
(531, 'UBC_bit5', 0, 22, 2),
(532, 'UBC_bit4', 0, 22, 2),
(533, 'UBC_bit3', 0, 22, 2),
(534, 'UBC_bit2', 0, 22, 2),
(535, 'UBC_bit1', 0, 22, 2),
(536, 'UBC_bit0', 0, 22, 2),
(537, 'WWDG_HALT', 0, 22, 2),
(538, 'WWDG_HW', 0, 22, 2),
(539, 'IWDG_HALT', 0, 22, 2),
(540, 'IWDG_HW', 0, 22, 2),
(541, 'HSESTB', 0, 22, 2),
(542, 'LSESTB', 0, 22, 2),
(543, 'BOR_ON', 0, 22, 2),
(544, 'BOR_TH', 0, 22, 2);
--
-- Data for table `McuOptionValues`
--
INSERT INTO `McuOptionValues` (`Action`, `DbId`, `DbgCompat`, `McuOptionId`, `Name`) VALUES
('02,00,03', 1, 0, 1, 'OFF'),
('02,01,03', 2, 0, 1, 'Low Level'),
('02,02,03', 3, 0, 1, 'Medium Level'),
('02,03,03', 4, 0, 1, 'High Level'),
('03,00,01', 5, 0, 2, 'Software'),
('03,01,01', 6, 5, 2, 'Hardware'),
('03,00,02', 7, 0, 3, 'Software'),
('03,02,02', 8, 5, 3, 'Hardware'),
('03,00,04', 9, 0, 4, 'No Reset'),
('03,04,04', 10, 0, 4, 'Reset'),
('03,00,08', 11, 0, 5, 'Not 5V Tolerant'),
('03,08,08', 12, 0, 5, '5V Tolerant'),
('00,00,FF', 13, 0, 6, 'Read-out protection disabled'),
('00,AA,FF', 14, 6, 6, 'Read-out protection enabled'),
('01,20,20', 15, 0, 7, 'Write protection disabled'),
('01,01,FF', 16, 12, 7, 'Write protected from page 1'),
('01,02,FF', 17, 12, 7, 'Write protected from page 2'),
('01,03,FF', 18, 12, 7, 'Write protected from page 3'),
('01,04,FF', 19, 12, 7, 'Write protected from page 4'),
('01,05,FF', 20, 12, 7, 'Write protected from page 5'),
('01,06,FF', 21, 12, 7, 'Write protected from page 6'),
('01,07,FF', 22, 12, 7, 'Write protected from page 7'),
('01,08,FF', 23, 12, 7, 'Write protected from page 8'),
('01,09,FF', 24, 12, 7, 'Write protected from page 9'),
('01,0A,FF', 33, 12, 7, 'Write protected from page 10'),
('01,0B,FF', 34, 12, 7, 'Write protected from page 11'),
('01,0C,FF', 35, 12, 7, 'Write protected from page 12'),
('01,0D,FF', 36, 12, 7, 'Write protected from page 13'),
('01,0E,FF', 37, 12, 7, 'Write protected from page 14'),
('01,0F,FF', 38, 12, 7, 'Write protected from page 15'),
('01,10,FF', 39, 12, 7, 'Write protected from page 16'),
('01,11,FF', 40, 12, 7, 'Write protected from page 17'),
('01,12,FF', 41, 12, 7, 'Write protected from page 18'),
('01,13,FF', 42, 12, 7, 'Write protected from page 19'),
('01,14,FF', 43, 12, 7, 'Write protected from page 20'),
('01,15,FF', 44, 12, 7, 'Write protected from page 21'),
('01,16,FF', 45, 12, 7, 'Write protected from page 22'),
('01,17,FF', 46, 12, 7, 'Write protected from page 23'),
('01,18,FF', 47, 12, 7, 'Write protected from page 24'),
('01,19,FF', 48, 12, 7, 'Write protected from page 25'),
('01,1A,FF', 49, 12, 7, 'Write protected from page 26'),
('01,1B,FF', 50, 12, 7, 'Write protected from page 27'),
('01,1C,FF', 51, 12, 7, 'Write protected from page 28'),
('01,1D,FF', 52, 12, 7, 'Write protected from page 29'),
('01,1E,FF', 53, 12, 7, 'Write protected from page 30'),
('01,1F,FF', 54, 12, 7, 'Write protected from page 31'),
('02,00,03', 101, 0, 15, 'Disabled'),
('02,01,03', 102, 0, 15, 'Low Threshold'),
('02,02,03', 103, 0, 15, 'Medium Threshold'),
('02,03,03', 104, 0, 15, 'High Threshold'),
('03,00,01', 105, 0, 16, 'Software'),
('03,01,01', 106, 5, 16, 'Hardware'),
('03,00,02', 107, 0, 17, 'Software'),
('03,02,02', 108, 5, 17, 'Hardware'),
('03,00,04', 109, 0, 18, 'No Reset'),
('03,04,04', 110, 0, 18, 'Reset'),
('03,00,08', 111, 0, 19, 'Not 5V Tolerant'),
('03,08,08', 112, 0, 19, '5V Tolerant'),
('00,00,FF', 113, 0, 20, 'Read-out protection disabled'),
('00,AA,FF', 114, 6, 20, 'Read-out protection enabled'),
('01,AA,FF', 115, 12, 21, 'Write protected'),
('01,00,00', 116, 0, 21, 'Write protection disabled'),
('01,00,FF', 119, 0, 22, 'Write protection disabled'),
('01,00,00', 120, 12, 22, 'Write protected'),
('02,00,01', 121, 0, 23, 'Default'),
('02,01,01', 122, 0, 23, 'Alternate Active'),
('02,00,02', 123, 0, 24, 'Default'),
('02,02,02', 124, 0, 24, 'Alternate Active'),
('03,00,10', 125, 0, 25, 'Slow Mode (no wait state)'),
('03,10,10', 126, 0, 25, 'Fast Mode'),
('03,00,08', 127, 0, 26, 'Divider enabled'),
('03,08,08', 128, 0, 26, 'Divider disabled'),
('03,00,04', 129, 0, 27, 'Software'),
('03,04,04', 130, 5, 27, 'Hardware'),
('03,00,02', 131, 0, 28, 'Software'),
('03,02,02', 132, 5, 28, 'Hardware'),
('03,00,01', 133, 0, 29, 'No Reset'),
('03,01,01', 134, 0, 29, 'Reset'),
('01,00,FF', 137, 0, 31, 'Write protection disabled'),
('01,00,00', 138, 12, 31, 'Write protected'),
('00,AA,FF', 139, 6, 32, 'Read-out protection enabled'),
('00,00,FF', 140, 0, 32, 'Read-out protection disabled'),
('02,00,01', 141, 0, 33, 'Default'),
('02,01,01', 142, 0, 33, 'Alternate Active'),
('02,00,02', 143, 0, 34, 'Default'),
('02,02,02', 144, 0, 34, 'Alternate Active'),
('02,00,04', 145, 0, 35, 'Default'),
('02,04,04', 146, 0, 35, 'Alternate Active'),
('02,00,08', 147, 0, 36, 'Default'),
('02,08,08', 148, 0, 36, 'Alternate Active'),
('02,00,10', 149, 0, 37, 'Default'),
('02,10,10', 150, 0, 37, 'Alternate Active'),
('02,00,20', 151, 0, 38, 'Default'),
('02,20,20', 152, 0, 38, 'Alternate Active'),
('02,00,40', 153, 0, 39, 'Default'),
('02,40,40', 154, 0, 39, 'Alternate Active'),
('02,00,80', 155, 0, 40, 'Default'),
('02,80,80', 156, 0, 40, 'Alternate Active'),
('03,00,08', 157, 0, 41, 'Disabled'),
('03,08,08', 158, 0, 41, 'Enabled'),
('03,00,04', 159, 0, 42, 'Software'),
('03,04,04', 160, 5, 42, 'Hardware'),
('03,00,02', 161, 0, 43, 'Software'),
('03,02,02', 162, 5, 43, 'Hardware'),
('03,00,01', 163, 0, 44, 'No Reset'),
('03,01,01', 164, 0, 44, 'Reset'),
('04,00,08', 165, 0, 45, 'External Oscillator'),
('04,08,08', 166, 0, 45, 'External Direct Drive'),
('04,00,04', 167, 0, 46, 'Low Speed Internal'),
('04,04,04', 168, 0, 46, 'High Speed External'),
('04,00,03', 169, 0, 47, '24MHz to 128kHz'),
('04,01,03', 170, 0, 47, '16MHz to 128kHz'),
('04,02,03', 171, 0, 47, '8MHz to 128kHz'),
('04,03,03', 172, 0, 47, '4MHz to 128kHz'),
('07,00,01', 173, 0, 48, '0'),
('07,01,01', 174, 0, 48, '1'),
('0A,00,01', 177, 0, 49, 'Frozen when stopped'),
('0A,01,01', 178, 0, 49, 'Running'),
('0A,00,02', 179, 0, 50, 'Frozen when stopped'),
('0A,02,02', 180, 0, 50, 'Running'),
('0A,00,04', 181, 0, 51, 'Frozen when stopped'),
('0A,04,04', 182, 0, 51, 'Running'),
('0A,00,08', 183, 0, 52, 'Frozen when stopped'),
('0A,08,08', 184, 0, 52, 'Running'),
('0A,70,F0', 185, 0, 53, 'Frozen when stopped'),
('0A,F0,F0', 186, 0, 53, 'Running'),
('01,00,FF', 192, 0, 55, 'Write protection disabled'),
('01,00,00', 193, 12, 55, 'Write protected'),
('00,AA,FF', 194, 6, 56, 'Read-out protection enabled'),
('00,00,00', 195, 0, 56, 'Read-out protection disabled'),
('02,00,01', 196, 0, 57, 'Default'),
('02,01,01', 197, 0, 57, 'Alternate Active'),
('02,00,02', 198, 0, 58, 'Default'),
('02,02,02', 199, 0, 58, 'Alternate Active'),
('02,00,04', 200, 0, 59, 'Default'),
('02,04,04', 201, 0, 59, 'Alternate Active'),
('02,00,08', 202, 0, 60, 'Default'),
('02,08,08', 203, 0, 60, 'Alternate Active'),
('02,00,10', 204, 0, 61, 'Default'),
('02,10,10', 205, 0, 61, 'Alternate Active'),
('02,00,20', 206, 0, 62, 'Default'),
('02,20,20', 207, 0, 62, 'Alternate Active'),
('02,00,40', 208, 0, 63, 'Default'),
('02,40,40', 209, 0, 63, 'Alternate Active'),
('02,00,80', 210, 0, 64, 'Default'),
('02,80,80', 211, 0, 64, 'Alternate Active'),
('03,00,08', 212, 0, 65, 'Disabled'),
('03,08,08', 213, 0, 65, 'Enabled'),
('03,00,04', 214, 0, 66, 'Software'),
('03,04,04', 215, 5, 66, 'Hardware'),
('03,00,02', 216, 0, 67, 'Software'),
('03,02,02', 217, 5, 67, 'Hardware'),
('03,00,01', 218, 0, 68, 'No Reset'),
('03,01,01', 219, 0, 68, 'Reset'),
('04,00,08', 220, 0, 69, 'External Oscillator'),
('04,08,08', 221, 0, 69, 'External Direct Drive'),
('04,00,04', 222, 0, 70, 'Low Speed Internal'),
('04,04,04', 223, 0, 70, 'High Speed External'),
('04,00,03', 224, 0, 71, '24MHz to 128kHz'),
('04,01,03', 225, 0, 71, '16MHz to 128kHz'),
('04,02,03', 226, 0, 71, '8MHz to 128kHz'),
('04,03,03', 227, 0, 71, '4MHz to 128kHz'),
('07,00,01', 228, 0, 72, '0'),
('07,01,01', 229, 0, 72, '1'),
('0A,00,01', 232, 0, 73, 'Frozen when stopped'),
('0A,01,01', 233, 0, 73, 'Running'),
('0A,00,02', 234, 0, 74, 'Frozen when stopped'),
('0A,02,02', 235, 0, 74, 'Running'),
('0A,00,04', 236, 0, 75, 'Frozen when stopped'),
('0A,04,04', 237, 0, 75, 'Running'),
('0A,00,08', 238, 0, 76, 'Frozen when stopped'),
('0A,08,08', 239, 0, 76, 'Running'),
('0A,70,F0', 240, 0, 77, 'Frozen when stopped'),
('0A,F0,F0', 241, 0, 77, 'Running'),
('00,00,07', 242, 0, 78, '80 pins'),
('00,01,07', 243, 0, 78, '64 pins'),
('00,02,07', 244, 0, 78, '48 pins'),
('00,03,07', 245, 0, 78, '44 pins'),
('00,04,07', 246, 0, 78, '32 pins'),
('00,AA,FF', 247, 2, 79, 'Read-out protection enabled'),
('00,00,FF', 248, 0, 79, 'Read-out protection disabled'),
('01,00,03', 261, 0, 83, 'QFN32-TQFP32'),
('01,01,03', 262, 0, 83, 'TSSOP28'),
('01,02,03', 263, 0, 83, 'QFN20-TSSOP20'),
('00,01,01', 265, 0, 84, 'Enable'),
('00,00,01', 266, 0, 84, 'Disable'),
('0A,00,01', 280, 0, 85, 'Frozen when stopped'),
('0A,01,01', 281, 0, 85, 'Running'),
('0A,00,02', 282, 0, 86, 'Frozen when stopped'),
('0A,02,02', 283, 0, 86, 'Running'),
('0A,00,04', 284, 0, 87, 'Frozen when stopped'),
('0A,04,04', 285, 0, 87, 'Running'),
('0A,00,08', 286, 0, 88, 'Frozen when stopped'),
('0A,08,08', 287, 0, 88, 'Running'),
('0A,00,10', 288, 0, 89, 'Frozen when stopped'),
('0A,10,10', 289, 0, 89, 'Running'),
('0A,00,20', 290, 0, 90, 'Frozen when stopped'),
('0A,20,20', 291, 0, 90, 'Running'),
('0A,00,40', 292, 0, 91, 'Frozen when stopped'),
('0A,40,40', 293, 0, 91, 'Running'),
('0A,00,80', 294, 0, 92, 'Frozen when stopped'),
('0A,80,80', 295, 0, 92, 'Running'),
('00,AA,FF', 296, 0, 93, 'Read-out protection enabled'),
('00,00,FF', 297, 0, 93, 'Read-out protection disabled'),
('01,00,FF', 298, 0, 94, 'Write protection disabled'),
('01,00,00', 299, 12, 94, 'Write protected'),
('02,00,01', 300, 0, 95, 'Default'),
('02,01,01', 301, 0, 95, 'Alternate Active'),
('02,00,02', 302, 0, 96, 'Default'),
('02,02,02', 303, 0, 96, 'Alternate Active'),
('02,00,04', 304, 0, 97, 'Default'),
('02,04,04', 305, 0, 97, 'Alternate Active'),
('02,00,08', 306, 0, 98, 'Default'),
('02,08,08', 307, 0, 98, 'Alternate Active'),
('02,00,10', 308, 0, 99, 'Default'),
('02,10,10', 309, 0, 99, 'Alternate Active'),
('02,00,20', 310, 0, 100, 'Default'),
('02,20,20', 311, 0, 100, 'Alternate Active'),
('02,00,40', 312, 0, 101, 'Default'),
('02,40,40', 313, 0, 101, 'Alternate Active'),
('02,00,80', 314, 0, 102, 'Default'),
('02,80,80', 315, 0, 102, 'Alternate Active'),
('03,00,08', 316, 0, 103, 'Disabled'),
('03,08,08', 317, 0, 103, 'Enabled'),
('03,00,04', 318, 0, 104, 'Software'),
('03,04,04', 319, 5, 104, 'Hardware'),
('03,00,02', 320, 0, 105, 'Software'),
('03,02,02', 321, 5, 105, 'Hardware'),
('03,00,01', 322, 0, 106, 'No Reset'),
('03,01,01', 323, 0, 106, 'Reset'),
('04,00,08', 324, 0, 107, 'External Oscillator'),
('04,08,08', 325, 0, 107, 'External Direct Drive'),
('04,00,04', 326, 0, 108, 'Low Speed Internal'),
('04,04,04', 327, 0, 108, 'High Speed External'),
('04,00,03', 328, 0, 109, '24MHz to 128kHz'),
('04,01,03', 329, 0, 109, '16MHz to 128kHz'),
('04,02,03', 330, 0, 109, '8MHz to 128kHz'),
('04,03,03', 331, 0, 109, '4MHz to 128kHz'),
('07,00,01', 332, 0, 110, '0'),
('07,01,01', 333, 0, 110, '1'),
('0A,00,01', 336, 0, 111, 'Frozen when stopped'),
('0A,01,01', 337, 0, 111, 'Running'),
('0A,00,02', 338, 0, 112, 'Frozen when stopped'),
('0A,02,02', 339, 0, 112, 'Running'),
('0A,00,04', 340, 0, 113, 'Frozen when stopped'),
('0A,04,04', 341, 0, 113, 'Running'),
('0A,00,08', 342, 0, 114, 'Frozen when stopped'),
('0A,08,08', 343, 0, 114, 'Running'),
('0A,70,F0', 344, 0, 115, 'Frozen when stopped'),
('0A,F0,F0', 345, 0, 115, 'Running'),
('00,00,07', 346, 0, 116, '80 pins'),
('00,01,07', 347, 0, 116, '64 pins'),
('00,02,07', 348, 0, 116, '48 pins'),
('00,03,07', 349, 0, 116, '44 pins'),
('00,04,07', 350, 0, 116, '32 pins'),
('07,00,40', 351, 0, 117, '0'),
('07,40,40', 352, 0, 117, '1'),
('07,00,20', 353, 0, 118, '0'),
('07,20,20', 354, 0, 118, '1'),
('07,00,10', 355, 0, 119, '0'),
('07,10,10', 356, 0, 119, '1'),
('07,00,08', 357, 0, 120, '0'),
('07,08,08', 358, 0, 120, '1'),
('07,00,04', 359, 0, 121, '0'),
('07,04,04', 360, 0, 121, '1'),
('07,00,02', 361, 0, 122, '0'),
('07,02,02', 362, 0, 122, '1'),
('07,00,01', 363, 0, 123, '0'),
('07,01,01', 364, 0, 123, '1'),
('02,00,40', 365, 0, 124, '0'),
('02,40,40', 366, 12, 124, '1'),
('02,00,20', 367, 0, 125, '0'),
('02,20,20', 368, 12, 125, '1'),
('02,00,10', 369, 0, 126, '0'),
('02,10,10', 370, 12, 126, '1'),
('02,00,08', 371, 0, 127, '0'),
('02,08,08', 372, 12, 127, '1'),
('02,00,04', 373, 0, 128, '0'),
('02,04,04', 374, 12, 128, '1'),
('02,00,02', 375, 0, 129, '0'),
('02,02,02', 376, 12, 129, '1'),
('02,00,01', 377, 0, 130, '0'),
('02,01,01', 378, 12, 130, '1'),
('03,00,20', 379, 0, 131, '0'),
('03,20,20', 380, 0, 131, '1'),
('03,00,10', 381, 0, 132, '0'),
('03,10,10', 382, 0, 132, '1'),
('03,00,08', 383, 0, 133, '0'),
('03,08,08', 384, 0, 133, '1'),
('03,00,04', 385, 0, 134, '0'),
('03,04,04', 386, 0, 134, '1'),
('03,00,02', 387, 0, 135, '0'),
('03,02,02', 388, 0, 135, '1'),
('03,00,01', 389, 0, 136, '0'),
('03,01,01', 390, 0, 136, '1'),
('00,00,00', 391, 0, 32, 'Read-out protection disabled'),
('00,00,00', 392, 0, 79, 'Read-out protection disabled'),
('00,00,00', 393, 0, 93, 'Read-out protection disabled'),
('00,AA,FF', 394, 0, 137, 'Read-out protection enabled'),
('00,00,FF', 395, 0, 137, 'Read-out protection disabled'),
('00,00,00', 396, 0, 137, 'Read-out protection disabled'),
('01,00,FF', 397, 0, 138, 'Write protection disabled'),
('01,00,00', 398, 12, 138, 'Write protected'),
('02,00,01', 399, 0, 139, 'Default'),
('02,01,01', 400, 0, 139, 'Alternate Active'),
('02,00,02', 401, 0, 140, 'Default'),
('02,02,02', 402, 0, 140, 'Alternate Active'),
('03,00,08', 415, 0, 147, 'Disabled'),
('03,08,08', 416, 0, 147, 'Enabled'),
('03,00,04', 417, 0, 148, 'Software'),
('03,04,04', 418, 5, 148, 'Hardware'),
('03,00,02', 419, 0, 149, 'Software'),
('03,02,02', 420, 5, 149, 'Hardware'),
('03,00,01', 421, 0, 150, 'No Reset'),
('03,01,01', 422, 0, 150, 'Reset'),
('04,00,08', 423, 0, 151, 'External Oscillator'),
('04,08,08', 424, 0, 151, 'External Direct Drive'),
('04,00,04', 425, 0, 152, 'Low Speed Internal'),
('04,04,04', 426, 0, 152, 'High Speed External'),
('04,00,03', 427, 0, 153, '24MHz to 128kHz'),
('04,01,03', 428, 0, 153, '16MHz to 128kHz'),
('04,02,03', 429, 0, 153, '8MHz to 128kHz'),
('04,03,03', 430, 0, 153, '4MHz to 128kHz'),
('07,00,01', 431, 0, 154, '0'),
('07,01,01', 432, 0, 154, '1'),
('0A,00,01', 435, 0, 155, 'Frozen when stopped'),
('0A,01,01', 436, 0, 155, 'Running'),
('0A,00,02', 437, 0, 156, 'Frozen when stopped'),
('0A,02,02', 438, 0, 156, 'Running'),
('0A,00,04', 439, 0, 157, 'Frozen when stopped'),
('0A,04,04', 440, 0, 157, 'Running'),
('0A,00,08', 441, 0, 158, 'Frozen when stopped'),
('0A,08,08', 442, 0, 158, 'Running'),
('0A,20,30', 443, 0, 159, 'Frozen when stopped'),
('0A,30,30', 444, 0, 159, 'Running'),
('00,00,03', 445, 0, 160, '128 pins'),
('00,01,03', 446, 0, 160, '100 pins'),
('00,02,03', 447, 0, 160, '80 pins'),
('00,03,03', 448, 0, 160, '64 pins'),
('03,00,10', 450, 0, 161, '3bits 1%'),
('03,10,10', 451, 0, 161, '4bits 0.5%'),
('00,00,04', 452, 0, 162, '0'),
('00,04,04', 453, 0, 162, '1'),
('0A,00,40', 454, 0, 163, 'Frozen when stopped'),
('0A,40,40', 455, 0, 163, 'Running'),
('0A,00,80', 456, 0, 164, 'Frozen when stopped'),
('0A,80,80', 457, 0, 164, 'Running'),
('00,AA,FF', 458, 6, 165, 'Read-out protection enabled'),
('00,00,FF', 459, 0, 165, 'Read-out protection disabled'),
('00,00,00', 460, 0, 165, 'Read-out protection disabled'),
('01,00,FF', 461, 0, 166, 'Write protection disabled'),
('01,00,00', 462, 12, 166, 'Write protected'),
('02,00,01', 463, 0, 167, 'Default'),
('02,01,01', 464, 0, 167, 'Alternate Active'),
('02,00,02', 465, 0, 168, 'Default'),
('02,02,02', 466, 0, 168, 'Alternate Active'),
('02,00,04', 467, 0, 169, 'Default'),
('02,04,04', 468, 0, 169, 'Alternate Active'),
('02,00,08', 469, 0, 170, 'Default'),
('02,08,08', 470, 0, 170, 'Alternate Active'),
('02,00,10', 471, 0, 171, 'Default'),
('02,10,10', 472, 0, 171, 'Alternate Active'),
('02,00,20', 473, 0, 172, 'Default'),
('02,20,20', 474, 0, 172, 'Alternate Active'),
('02,00,40', 475, 0, 173, 'Default'),
('02,40,40', 476, 0, 173, 'Alternate Active'),
('02,00,80', 477, 0, 174, 'Default'),
('02,80,80', 478, 0, 174, 'Alternate Active'),
('03,00,08', 479, 0, 175, 'Disabled'),
('03,08,08', 480, 0, 175, 'Enabled'),
('03,00,04', 481, 0, 176, 'Software'),
('03,04,04', 482, 5, 176, 'Hardware'),
('03,00,02', 483, 0, 177, 'Software'),
('03,02,02', 484, 5, 177, 'Hardware'),
('03,00,01', 485, 0, 178, 'No Reset'),
('03,01,01', 486, 0, 178, 'Reset'),
('04,00,08', 487, 0, 179, 'External Oscillator'),
('04,08,08', 488, 0, 179, 'External Direct Drive'),
('04,00,04', 489, 0, 180, 'Low Speed Internal'),
('04,04,04', 490, 0, 180, 'High Speed External'),
('04,00,03', 491, 0, 181, '24MHz to 128kHz'),
('04,01,03', 492, 0, 181, '16MHz to 128kHz'),
('04,02,03', 493, 0, 181, '8MHz to 128kHz'),
('04,03,03', 494, 0, 181, '4MHz to 128kHz'),
('00,00,07', 495, 0, 182, 'QFN32*'),
('00,01,07', 496, 0, 182, '20 pins'),
('00,02,07', 497, 0, 182, '20_NI'),
('00,03,07', 498, 0, 182, 'SDIP32*'),
('00,06,07', 505, 0, 182, '28 pins'),
('05,00,01', 506, 0, 183, '0'),
('05,01,01', 507, 0, 183, '1'),
('05,00,02', 508, 0, 184, '0'),
('05,02,02', 509, 0, 184, '1'),
('05,00,04', 510, 0, 185, '0'),
('05,04,04', 511, 0, 185, '1'),
('05,00,08', 512, 0, 186, '0'),
('05,08,08', 513, 0, 186, '1'),
('05,00,10', 514, 0, 187, '0'),
('05,10,10', 515, 0, 187, '1'),
('05,00,20', 516, 0, 188, '0'),
('05,20,20', 517, 0, 188, '1'),
('05,00,40', 518, 0, 189, '0'),
('05,40,40', 519, 0, 189, '1'),
('05,00,80', 520, 0, 190, '0'),
('05,80,80', 521, 0, 190, '1'),
('00,AA,FF', 522, 2, 191, 'Read-out protection enabled'),
('00,00,FF', 523, 0, 191, 'Read-out protection disabled'),
('00,00,00', 524, 0, 191, 'Read-out protection disabled'),
('0A,00,01', 525, 0, 192, 'Frozen when stopped'),
('0A,01,01', 526, 0, 192, 'Running'),
('0A,00,02', 527, 0, 193, 'Frozen when stopped'),
('0A,02,02', 528, 0, 193, 'Running'),
('0A,00,04', 529, 0, 194, 'Frozen when stopped'),
('0A,04,04', 530, 0, 194, 'Running'),
('0A,00,08', 531, 0, 195, 'Frozen when stopped'),
('0A,08,08', 532, 0, 195, 'Running'),
('0A,00,10', 533, 0, 196, 'Frozen when stopped'),
('0A,10,10', 534, 0, 196, 'Running'),
('0A,00,20', 535, 0, 197, 'Frozen when stopped'),
('0A,20,20', 536, 0, 197, 'Running'),
('0A,00,40', 537, 0, 198, 'Frozen when stopped'),
('0A,40,40', 538, 0, 198, 'Running'),
('0A,00,80', 539, 0, 199, 'Frozen when stopped'),
('0A,80,80', 540, 0, 199, 'Running'),
('07,00,40', 541, 0, 200, '0'),
('07,40,40', 542, 0, 200, '1'),
('07,00,20', 543, 0, 201, '0'),
('07,20,20', 544, 0, 201, '1'),
('07,00,10', 545, 0, 202, '0'),
('07,10,10', 546, 0, 202, '1'),
('07,00,08', 547, 0, 203, '0'),
('07,08,08', 548, 0, 203, '1'),
('07,00,04', 549, 0, 204, '0'),
('07,04,04', 550, 0, 204, '1'),
('07,00,02', 551, 0, 205, '0'),
('07,02,02', 552, 0, 205, '1'),
('07,00,01', 553, 0, 206, '0'),
('07,01,01', 554, 0, 206, '1'),
('02,00,40', 555, 0, 207, '0'),
('02,40,40', 556, 12, 207, '1'),
('02,00,20', 557, 0, 208, '0'),
('02,20,20', 558, 12, 208, '1'),
('02,00,10', 559, 0, 209, '0'),
('02,10,10', 560, 12, 209, '1'),
('02,00,08', 561, 0, 210, '0'),
('02,08,08', 562, 12, 210, '1'),
('02,00,04', 563, 0, 211, '0'),
('02,04,04', 564, 12, 211, '1'),
('02,00,02', 565, 0, 212, '0'),
('02,02,02', 566, 12, 212, '1'),
('02,00,01', 567, 0, 213, '0'),
('02,01,01', 568, 12, 213, '1'),
('03,00,20', 569, 0, 214, '0'),
('03,20,20', 570, 0, 214, '1'),
('03,00,10', 571, 0, 215, '0'),
('03,10,10', 572, 0, 215, '1'),
('03,00,08', 573, 0, 216, '0'),
('03,08,08', 574, 0, 216, '1'),
('03,00,04', 575, 0, 217, '0'),
('03,04,04', 576, 0, 217, '1'),
('03,00,02', 577, 0, 218, '0'),
('03,02,02', 578, 0, 218, '1'),
('08,00,02', 579, 0, 219, 'Running'),
('08,02,02', 580, 0, 219, 'Stopped'),
('08,00,01', 581, 0, 220, 'Software'),
('08,01,01', 582, 0, 220, 'Hardware'),
('08,00,02', 583, 0, 221, 'Running'),
('08,02,02', 584, 0, 221, 'Stopped'),
('08,00,01', 585, 0, 222, 'Software'),
('08,01,01', 586, 0, 222, 'Hardware'),
('00,AA,FF', 593, 6, 226, 'Read-out protection enabled'),
('00,00,FF', 594, 0, 226, 'Read-out protection disabled'),
('00,00,00', 595, 0, 226, 'Read-out protection disabled'),
('01,00,FF', 596, 0, 227, 'Write protection disabled'),
('01,00,00', 597, 12, 227, 'Write protected'),
('02,00,01', 598, 0, 228, 'Default'),
('02,01,01', 599, 0, 228, 'Alternate Active'),
('02,00,02', 600, 0, 229, 'Default'),
('02,02,02', 601, 0, 229, 'Alternate Active'),
('02,00,04', 602, 0, 230, 'Default'),
('02,04,04', 603, 0, 230, 'Alternate Active'),
('02,00,08', 604, 0, 231, 'Default'),
('02,08,08', 605, 0, 231, 'Alternate Active'),
('02,00,10', 606, 0, 232, 'Default'),
('02,10,10', 607, 0, 232, 'Alternate Active'),
('02,00,20', 608, 0, 233, 'Default'),
('02,20,20', 609, 0, 233, 'Alternate Active'),
('02,00,40', 610, 0, 234, 'Default'),
('02,40,40', 611, 0, 234, 'Alternate Active'),
('02,00,80', 612, 0, 235, 'Default'),
('02,80,80', 613, 0, 235, 'Alternate Active'),
('03,00,08', 614, 0, 236, 'Disabled'),
('03,08,08', 615, 0, 236, 'Enabled'),
('03,00,04', 616, 0, 237, 'Software'),
('03,04,04', 617, 5, 237, 'Hardware'),
('03,00,02', 618, 0, 238, 'Software'),
('03,02,02', 619, 5, 238, 'Hardware'),
('03,00,01', 620, 0, 239, 'No Reset'),
('03,01,01', 621, 0, 239, 'Reset'),
('04,00,08', 622, 0, 240, 'External Oscillator'),
('04,08,08', 623, 0, 240, 'External Direct Drive'),
('04,00,04', 624, 0, 241, 'Low Speed Internal'),
('04,04,04', 625, 0, 241, 'High Speed External'),
('04,00,03', 626, 0, 242, '16MHz to 128kHz'),
('04,01,03', 627, 0, 242, '16MHz to 128kHz'),
('04,02,03', 628, 0, 242, '8MHz to 128kHz'),
('04,03,03', 629, 0, 242, '4MHz to 128kHz'),
('05,00,01', 630, 0, 243, '0'),
('05,01,01', 631, 0, 243, '1'),
('05,00,02', 632, 0, 244, '0'),
('05,02,02', 633, 0, 244, '1'),
('05,00,04', 634, 0, 245, '0'),
('05,04,04', 635, 0, 245, '1'),
('05,00,08', 636, 0, 246, '0'),
('05,08,08', 637, 0, 246, '1'),
('05,00,10', 638, 0, 247, '0'),
('05,10,10', 639, 0, 247, '1'),
('05,00,20', 640, 0, 248, '0'),
('05,20,20', 641, 0, 248, '1'),
('05,00,40', 642, 0, 249, '0'),
('05,40,40', 643, 0, 249, '1'),
('05,00,80', 644, 0, 250, '0'),
('05,80,80', 645, 0, 250, '1'),
('03,00,10', 646, 0, 251, '3-bit trimming'),
('03,10,10', 647, 0, 251, '4-bit trimming'),
('01,00,FF', 648, 0, 252, 'Write protection disabled'),
('01,00,00', 649, 12, 252, 'Write protected'),
('00,AA,FF', 650, 6, 253, 'Read-out protection enabled'),
('00,00,FF', 651, 0, 253, 'Read-out protection disabled'),
('00,00,00', 652, 0, 253, 'Read-out protection disabled'),
('02,00,01', 653, 0, 254, 'Default'),
('02,01,01', 654, 0, 254, 'Alternate Active'),
('02,00,02', 655, 0, 255, 'Default'),
('02,02,02', 656, 0, 255, 'Alternate Active'),
('02,00,04', 657, 0, 256, 'Default'),
('02,04,04', 658, 0, 256, 'Alternate Active'),
('02,00,08', 659, 0, 257, 'Default'),
('02,08,08', 660, 0, 257, 'Alternate Active'),
('02,00,10', 661, 0, 258, 'Default'),
('02,10,10', 662, 0, 258, 'Alternate Active'),
('02,00,20', 663, 0, 259, 'Default'),
('02,20,20', 664, 0, 259, 'Alternate Active'),
('02,00,40', 665, 0, 260, 'Default'),
('02,40,40', 666, 0, 260, 'Alternate Active'),
('02,00,80', 667, 0, 261, 'Default'),
('02,80,80', 668, 0, 261, 'Alternate Active'),
('03,00,10', 669, 0, 262, '3-bit trimming'),
('03,10,10', 670, 0, 262, '4-bit trimming'),
('03,00,08', 671, 0, 263, 'Disabled'),
('03,08,08', 672, 0, 263, 'Enabled'),
('03,00,04', 673, 0, 264, 'Software'),
('03,04,04', 674, 5, 264, 'Hardware'),
('03,00,02', 675, 0, 265, 'Software'),
('03,02,02', 676, 5, 265, 'Hardware'),
('03,00,01', 677, 0, 266, 'No Reset'),
('03,01,01', 678, 0, 266, 'Reset'),
('04,00,08', 679, 0, 267, 'External Oscillator'),
('04,08,08', 680, 0, 267, 'External Direct Drive'),
('04,00,04', 681, 0, 268, 'Low Speed Internal'),
('04,04,04', 682, 0, 268, 'High Speed External'),
('04,00,03', 683, 0, 269, '16MHz to 128kHz'),
('04,01,03', 684, 0, 269, '16MHz to 128kHz'),
('04,02,03', 685, 0, 269, '8MHz to 128kHz'),
('04,03,03', 686, 0, 269, '4MHz to 128kHz'),
('0A,00,01', 689, 0, 271, 'Frozen when stopped'),
('0A,01,01', 690, 0, 271, 'Running'),
('0A,00,02', 691, 0, 272, 'Frozen when stopped'),
('0A,02,02', 692, 0, 272, 'Running'),
('0A,00,04', 693, 0, 273, 'Frozen when stopped'),
('0A,04,04', 694, 0, 273, 'Running'),
('0A,00,08', 695, 0, 274, 'Frozen when stopped'),
('0A,08,08', 696, 0, 274, 'Running'),
('0A,70,F0', 697, 0, 275, 'Frozen when stopped'),
('0A,F0,F0', 698, 0, 275, 'Running'),
('05,00,01', 699, 0, 276, '0'),
('05,01,01', 700, 0, 276, '1'),
('05,00,02', 701, 0, 277, '0'),
('05,02,02', 702, 0, 277, '1'),
('05,00,04', 703, 0, 278, '0'),
('05,04,04', 704, 0, 278, '1'),
('05,00,08', 705, 0, 279, '0'),
('05,08,08', 706, 0, 279, '1'),
('05,00,10', 707, 0, 280, '0'),
('05,10,10', 708, 0, 280, '1'),
('05,00,20', 709, 0, 281, '0'),
('05,20,20', 710, 0, 281, '1'),
('05,00,40', 711, 0, 282, '0'),
('05,40,40', 712, 0, 282, '1'),
('05,00,80', 713, 0, 283, '0'),
('05,80,80', 714, 0, 283, '1'),
('00,AA,FF', 715, 0, 284, 'Read-out protection disabled'),
('00,00,FF', 716, 2, 284, 'Read-out protection enabled'),
('00,00,00', 717, 2, 284, 'Read-out protection enabled'),
('01,00,07', 718, 0, 285, 'LQFP64'),
('01,01,07', 719, 0, 285, 'LQFP48'),
('01,02,07', 720, 0, 285, 'GP32'),
('00,01,01', 721, 0, 286, 'TS on TLI'),
('00,00,01', 722, 0, 286, 'TS not mapped'),
('0A,00,01', 723, 0, 287, 'Frozen when stopped'),
('0A,01,01', 724, 0, 287, 'Running'),
('0A,00,02', 725, 0, 288, 'Frozen when stopped'),
('0A,02,02', 726, 0, 288, 'Running'),
('0A,00,04', 727, 0, 289, 'Frozen when stopped'),
('0A,04,04', 728, 0, 289, 'Running'),
('0A,00,08', 729, 0, 290, 'Frozen when stopped'),
('0A,08,08', 730, 0, 290, 'Running'),
('0A,00,10', 731, 0, 291, 'Frozen when stopped'),
('0A,10,10', 732, 0, 291, 'Running'),
('0A,00,20', 733, 0, 292, 'Frozen when stopped'),
('0A,20,20', 734, 0, 292, 'Running'),
('0A,00,40', 735, 0, 293, 'Frozen when stopped'),
('0A,40,40', 736, 0, 293, 'Running'),
('0A,00,80', 737, 0, 294, 'Frozen when stopped'),
('0A,80,80', 738, 0, 294, 'Running'),
('07,00,40', 739, 0, 295, '0'),
('07,40,40', 740, 0, 295, '1'),
('07,00,20', 741, 0, 296, '0'),
('07,20,20', 742, 0, 296, '1'),
('07,00,10', 743, 0, 297, '0'),
('07,10,10', 744, 0, 297, '1'),
('07,00,08', 745, 0, 298, '0'),
('07,08,08', 746, 0, 298, '1'),
('07,00,04', 747, 0, 299, '0'),
('07,04,04', 748, 0, 299, '1'),
('07,00,02', 749, 0, 300, '0'),
('07,02,02', 750, 0, 300, '1'),
('07,00,01', 751, 0, 301, '0'),
('07,01,01', 752, 0, 301, '1'),
('02,00,40', 753, 0, 302, '0'),
('02,40,40', 754, 12, 302, '1'),
('02,00,20', 755, 0, 303, '0'),
('02,20,20', 756, 12, 303, '1'),
('02,00,10', 757, 0, 304, '0'),
('02,10,10', 758, 12, 304, '1'),
('02,00,08', 759, 0, 305, '0'),
('02,08,08', 760, 12, 305, '1'),
('02,00,04', 761, 0, 306, '0'),
('02,04,04', 762, 12, 306, '1'),
('02,00,02', 763, 0, 307, '0'),
('02,02,02', 764, 12, 307, '1'),
('02,00,01', 765, 0, 308, '0'),
('02,01,01', 766, 12, 308, '1'),
('03,00,01', 767, 0, 309, '0'),
('03,01,01', 768, 0, 309, '1'),
('08,00,08', 769, 0, 310, 'No Reset'),
('08,08,08', 770, 0, 310, 'Reset'),
('08,00,04', 771, 0, 311, 'Software'),
('08,04,04', 772, 0, 311, 'Hardware'),
('08,00,02', 773, 0, 312, 'Running'),
('08,02,02', 774, 0, 312, 'Stopped'),
('08,00,01', 775, 0, 313, 'Software'),
('08,01,01', 776, 0, 313, 'Hardware'),
('05,55,FF', 777, 0, 314, 'Execute'),
('05,00,FF', 778, 0, 314, 'Not Execute'),
('05,00,00', 779, 4, 314, 'Not Execute'),
('06,AA,FF', 780, 0, 315, 'Execute'),
('06,00,FF', 781, 0, 315, 'Not Execute'),
('06,00,00', 782, 4, 315, 'Not Execute'),
('09,00,03', 783, 0, 316, '1 cycle'),
('09,01,03', 784, 0, 316, '16 cycles'),
('09,02,03', 785, 0, 316, '512 cycles'),
('09,03,03', 786, 0, 316, '4096 cycles'),
('09,00,0C', 787, 0, 317, '1 cycle'),
('09,04,0C', 788, 0, 317, '16 cycles'),
('09,08,0C', 789, 0, 317, '512 cycles'),
('09,0C,0C', 790, 0, 317, '4096 cycles'),
('01,03,07', 798, 0, 285, 'VQFN28'),
('00,02,02', 799, 0, 286, 'T2 on TLI'),
('00,00,02', 800, 0, 286, 'T2 not remapped'),
('00,04,04', 801, 0, 286, 'T4 on TLI'),
('00,00,04', 802, 0, 286, 'T4 not remapped'),
('07,00,80', 803, 0, 318, '0'),
('07,80,80', 804, 0, 318, '1'),
('02,00,80', 805, 0, 319, '0'),
('02,80,80', 806, 12, 319, '1'),
('01,04,07', 807, 0, 285, 'VQFN64'),
('01,05,07', 808, 0, 285, 'VQFN48'),
('01,06,07', 809, 0, 285, 'LCD32'),
('01,07,07', 810, 0, 285, 'TSSOP28'),
('00,AA,FF', 811, 2, 320, 'Read-out protection enabled'),
('00,00,FF', 812, 0, 320, 'Read-out protection disabled'),
('00,00,00', 813, 0, 320, 'Read-out protection disabled'),
('0A,00,01', 814, 0, 321, 'Frozen when stopped'),
('0A,01,01', 815, 0, 321, 'Running'),
('0A,00,02', 816, 0, 322, 'Frozen when stopped'),
('0A,02,02', 817, 0, 322, 'Running'),
('0A,00,04', 818, 0, 323, 'Frozen when stopped'),
('0A,04,04', 819, 0, 323, 'Running'),
('0A,00,10', 822, 0, 325, 'Frozen when stopped'),
('0A,10,10', 823, 0, 325, 'Running'),
('02,00,40', 830, 0, 329, '0'),
('02,40,40', 831, 12, 329, '1'),
('02,00,20', 832, 0, 330, '0'),
('02,20,20', 833, 12, 330, '1'),
('02,00,10', 834, 0, 331, '0'),
('02,10,10', 835, 12, 331, '1'),
('02,00,08', 836, 0, 332, '0'),
('02,08,08', 837, 12, 332, '1'),
('02,00,04', 838, 0, 333, '0'),
('02,04,04', 839, 12, 333, '1'),
('02,00,02', 840, 0, 334, '0'),
('02,02,02', 841, 12, 334, '1'),
('02,00,01', 842, 0, 335, '0'),
('02,01,01', 843, 12, 335, '1'),
('03,00,20', 844, 0, 336, '0'),
('03,20,20', 845, 0, 336, '1'),
('03,00,10', 846, 0, 337, '0'),
('03,10,10', 847, 0, 337, '1'),
('03,00,08', 848, 0, 338, '0'),
('03,08,08', 849, 0, 338, '1'),
('03,00,04', 850, 0, 339, '0'),
('03,04,04', 851, 0, 339, '1'),
('03,00,02', 852, 0, 340, '0'),
('03,02,02', 853, 0, 340, '1'),
('03,00,01', 854, 0, 341, '0'),
('03,01,01', 855, 0, 341, '1'),
('08,00,02', 856, 0, 342, 'Running'),
('08,02,02', 857, 0, 342, 'Stopped'),
('08,00,01', 858, 0, 343, 'Software'),
('08,01,01', 859, 0, 343, 'Hardware'),
('00,AA,FF', 860, 0, 344, 'Read-out protection enabled'),
('00,00,FF', 861, 0, 344, 'Read-out protection disabled'),
('00,00,00', 862, 0, 344, 'Read-out protection disabled'),
('01,00,FF', 863, 0, 345, 'Write protection disabled'),
('01,00,00', 864, 12, 345, 'Write protected'),
('02,00,01', 865, 0, 346, 'Default'),
('02,01,01', 866, 0, 346, 'Alternate Active'),
('02,00,02', 867, 0, 347, 'Default'),
('02,02,02', 868, 0, 347, 'Alternate Active'),
('03,00,10', 869, 0, 348, '3bits 1%'),
('03,10,10', 870, 0, 348, '4bits 0.5%'),
('03,00,08', 871, 0, 349, 'Disabled'),
('03,08,08', 872, 0, 349, 'Enabled'),
('03,00,04', 873, 0, 350, 'Software'),
('03,04,04', 874, 5, 350, 'Hardware'),
('03,00,02', 875, 0, 351, 'Software'),
('03,02,02', 876, 5, 351, 'Hardware'),
('03,00,01', 877, 0, 352, 'No Reset'),
('03,01,01', 878, 0, 352, 'Reset'),
('04,00,08', 879, 0, 353, 'External Oscillator'),
('04,08,08', 880, 0, 353, 'External Direct Drive'),
('04,00,04', 881, 0, 354, 'Low Speed Internal'),
('04,04,04', 882, 0, 354, 'High Speed External'),
('04,00,03', 883, 0, 355, '24MHz to 128kHz'),
('04,01,03', 884, 0, 355, '16MHz to 128kHz'),
('04,02,03', 885, 0, 355, '8MHz to 128kHz'),
('04,03,03', 886, 0, 355, '4MHz to 128kHz'),
('07,00,01', 887, 0, 356, '0'),
('07,01,01', 888, 0, 356, '1'),
('0A,00,01', 889, 0, 357, 'Frozen when stopped'),
('0A,01,01', 890, 0, 357, 'Running'),
('0A,00,02', 891, 0, 358, 'Frozen when stopped'),
('0A,02,02', 892, 0, 358, 'Running'),
('0A,00,04', 893, 0, 359, 'Frozen when stopped'),
('0A,04,04', 894, 0, 359, 'Running'),
('0A,00,08', 895, 0, 360, 'Frozen when stopped'),
('0A,08,08', 896, 0, 360, 'Running'),
('0A,20,30', 897, 0, 361, 'Frozen when stopped'),
('0A,30,30', 898, 0, 361, 'Running'),
('0A,00,40', 899, 0, 362, 'Frozen when stopped'),
('0A,40,40', 900, 0, 362, 'Running'),
('0A,00,80', 901, 0, 363, 'Frozen when stopped'),
('0A,80,80', 902, 0, 363, 'Running'),
('0A,00,01', 903, 0, 364, 'Frozen when stopped'),
('0A,01,01', 904, 0, 364, 'Running'),
('0A,00,02', 905, 0, 365, 'Frozen when stopped'),
('0A,02,02', 906, 0, 365, 'Running'),
('0A,00,08', 907, 0, 366, 'Frozen when stopped'),
('0A,08,08', 908, 0, 366, 'Running'),
('0A,00,80', 909, 0, 367, 'Frozen when stopped'),
('0A,80,80', 910, 0, 367, 'Running'),
('00,AA,FF', 911, 0, 368, 'Read-out protection disabled'),
('00,00,FF', 912, 2, 368, 'Read-out protection enabled'),
('00,00,00', 913, 2, 368, 'Read-out protection enabled'),
('0A,00,01', 914, 0, 369, 'Frozen when stopped'),
('0A,01,01', 915, 0, 369, 'Running'),
('0A,00,04', 916, 0, 370, 'Frozen when stopped'),
('0A,04,04', 917, 0, 370, 'Running'),
('0A,00,08', 918, 0, 371, 'Frozen when stopped'),
('0A,08,08', 919, 0, 371, 'Running'),
('0A,00,02', 920, 0, 372, 'Frozen when stopped'),
('0A,02,02', 921, 0, 372, 'Running'),
('0A,00,10', 922, 0, 373, 'Frozen when stopped'),
('0A,10,10', 923, 0, 373, 'Running'),
('0A,00,20', 924, 0, 374, 'Frozen when stopped'),
('0A,20,20', 925, 0, 374, 'Running'),
('0A,00,40', 926, 0, 375, 'Frozen when stopped'),
('0A,40,40', 927, 0, 375, 'Running'),
('07,00,80', 930, 0, 377, '0'),
('07,80,80', 931, 4, 377, '1'),
('07,00,40', 932, 0, 378, '0'),
('07,40,40', 933, 4, 378, '1'),
('07,00,20', 934, 0, 379, '0'),
('07,20,20', 935, 4, 379, '1'),
('07,00,10', 936, 0, 380, '0'),
('07,10,10', 937, 4, 380, '1'),
('07,00,08', 938, 0, 381, '0'),
('07,08,08', 939, 4, 381, '1'),
('07,00,04', 940, 0, 382, '0'),
('07,04,04', 941, 4, 382, '1'),
('07,00,02', 942, 0, 383, '0'),
('07,02,02', 943, 4, 383, '1'),
('07,00,01', 944, 0, 384, '0'),
('07,01,01', 945, 4, 384, '1'),
('02,00,80', 946, 0, 385, '0'),
('02,80,80', 947, 12, 385, '1'),
('02,00,40', 948, 0, 386, '0'),
('02,40,40', 949, 12, 386, '1'),
('02,00,20', 950, 0, 387, '0'),
('02,20,20', 951, 12, 387, '1'),
('02,00,10', 952, 0, 388, '0'),
('02,10,10', 953, 12, 388, '1'),
('02,00,08', 954, 0, 389, '0'),
('02,08,08', 955, 12, 389, '1'),
('02,00,04', 956, 0, 390, '0'),
('02,04,04', 957, 12, 390, '1'),
('02,00,02', 958, 0, 391, '0'),
('02,02,02', 959, 12, 391, '1'),
('02,00,01', 960, 0, 392, '0'),
('02,01,01', 961, 12, 392, '1'),
('08,00,08', 962, 0, 393, 'No Reset'),
('08,08,08', 963, 0, 393, 'Reset'),
('08,00,04', 964, 0, 394, 'Software'),
('08,04,04', 965, 0, 394, 'Hardware'),
('08,00,02', 966, 0, 395, 'Running'),
('08,02,02', 967, 0, 395, 'Stopped'),
('08,00,01', 968, 0, 396, 'Software'),
('08,01,01', 969, 0, 396, 'Hardware'),
('0B,55,FF', 970, 0, 397, 'Execute'),
('0B,00,FF', 971, 0, 397, 'Not Execute'),
('0B,00,00', 972, 0, 397, 'Not Execute'),
('0C,AA,FF', 973, 0, 398, 'Execute'),
('0C,00,FF', 974, 4, 398, 'Not Execute'),
('0C,00,00', 975, 0, 398, 'Not Execute'),
('09,00,03', 976, 0, 399, '1 cycle'),
('09,01,03', 977, 0, 399, '16 cycles'),
('09,02,03', 978, 0, 399, '512 cycles'),
('09,03,03', 979, 0, 399, '4096 cycles'),
('09,00,0C', 980, 0, 400, '1 cycle'),
('09,04,0C', 981, 0, 400, '16 cycles'),
('09,08,0C', 982, 0, 400, '512 cycles'),
('09,0C,0C', 983, 0, 400, '4096 cycles'),
('01,00,FF', 984, 0, 401, 'Write protection disabled'),
('01,00,00', 985, 12, 401, 'Write protected'),
('00,AA,FF', 986, 6, 402, 'Read-out protection enabled'),
('00,00,FF', 987, 0, 402, 'Read-out protection disabled'),
('00,00,00', 988, 0, 402, 'Read-out protection disabled'),
('02,00,01', 989, 0, 403, 'AFR_Hot_cfg'),
('02,01,01', 990, 0, 403, 'AFR_Cold_cfg'),
('03,00,08', 991, 0, 404, 'Disabled'),
('03,08,08', 992, 0, 404, 'Enabled'),
('03,00,04', 993, 0, 405, 'Software'),
('03,04,04', 994, 5, 405, 'Hardware'),
('03,00,02', 995, 0, 406, 'Software'),
('03,02,02', 996, 5, 406, 'Hardware'),
('03,00,01', 997, 0, 407, 'No Reset'),
('03,01,01', 998, 0, 407, 'Reset'),
('03,00,10', 999, 0, 408, 'HSITrim_3bit'),
('03,10,10', 1000, 0, 408, 'HSITrim_4bit'),
('03,00,20', 1001, 0, 409, 'Disabled'),
('03,20,20', 1002, 0, 409, 'Enabled'),
('04,00,08', 1003, 0, 410, 'External Oscillator'),
('04,08,08', 1004, 0, 410, 'External Direct Drive'),
('04,00,04', 1005, 0, 411, 'Low Speed Internal'),
('04,04,04', 1006, 0, 411, 'High Speed External'),
('04,00,03', 1007, 0, 412, '24MHz to 128kHz'),
('04,01,03', 1008, 0, 412, '16MHz to 128kHz'),
('04,02,03', 1009, 0, 412, '8MHz to 128kHz'),
('04,03,03', 1010, 0, 412, '4MHz to 128kHz'),
('05,00,01', 1011, 0, 413, '0'),
('05,01,01', 1012, 0, 413, '1'),
('05,00,02', 1013, 0, 414, '0'),
('05,02,02', 1014, 0, 414, '1'),
('05,00,04', 1015, 0, 415, '0'),
('05,04,04', 1016, 0, 415, '1'),
('05,00,08', 1017, 0, 416, '0'),
('05,08,08', 1018, 0, 416, '1'),
('05,00,10', 1019, 0, 417, '0'),
('05,10,10', 1020, 0, 417, '1'),
('05,00,20', 1021, 0, 418, '0'),
('05,20,20', 1022, 0, 418, '1'),
('05,00,40', 1023, 0, 419, '0'),
('05,40,40', 1024, 0, 419, '1'),
('05,00,80', 1025, 0, 420, '0'),
('05,80,80', 1026, 0, 420, '1'),
('07,00,03', 1027, 0, 421, '0'),
('07,01,03', 1028, 0, 421, '1'),
('07,02,03', 1029, 0, 421, '2'),
('07,03,03', 1030, 0, 421, '3'),
('08,00,01', 1031, 0, 422, 'GPIO'),
('08,01,01', 1032, 0, 422, 'UART_IF'),
('08,00,0C', 1033, 0, 423, 'GPIO'),
('08,04,0C', 1034, 0, 423, 'I2C'),
('08,08,0C', 1035, 0, 423, 'HSE_Crystal_OSC'),
('08,0C,0C', 1036, 0, 423, 'UART'),
('08,00,10', 1037, 0, 424, 'GPIO'),
('08,01,10', 1038, 0, 424, 'DALI_IF'),
('09,00,01', 1039, 0, 425, 'GPIO'),
('09,01,01', 1040, 0, 425, 'PWM0'),
('09,00,02', 1041, 0, 426, 'GPIO'),
('09,02,02', 1042, 0, 426, 'PWM1'),
('09,00,04', 1043, 0, 427, 'GPIO'),
('09,04,04', 1044, 0, 427, 'PWM2'),
('09,00,08', 1045, 0, 428, 'GPIO'),
('09,08,08', 1046, 0, 428, 'PWM3'),
('09,00,10', 1047, 0, 429, 'GPIO'),
('09,10,10', 1048, 0, 429, 'PWM4'),
('09,00,20', 1049, 0, 430, 'GPIO'),
('09,20,20', 1050, 0, 430, 'PWM5'),
('0B,00,01', 1051, 0, 431, 'Disabled'),
('0B,01,01', 1052, 0, 431, 'Enabled'),
('0B,00,02', 1053, 0, 432, 'Disabled'),
('0B,02,02', 1054, 0, 432, 'Enabled'),
('0B,00,04', 1055, 0, 433, 'Disabled'),
('0B,04,04', 1056, 0, 433, 'Enabled'),
('0A,00,01', 1057, 0, 434, 'Frozen when stopped'),
('0A,01,01', 1058, 0, 434, 'Running'),
('0A,00,08', 1059, 0, 435, 'Frozen when stopped'),
('0A,08,08', 1060, 0, 435, 'Running'),
('0A,00,40', 1061, 0, 436, 'Frozen when stopped'),
('0A,40,40', 1062, 0, 436, 'Running'),
('0A,00,80', 1063, 0, 437, 'Frozen when stopped'),
('0A,80,80', 1064, 0, 437, 'Running'),
('0A,00,01', 1065, 0, 438, 'Brownout reset off'),
('0A,01,01', 1066, 0, 438, 'Brownout reset on'),
('0A,00,0E', 1067, 0, 439, 'Threshold 0'),
('0A,02,0E', 1068, 0, 439, 'Threshold 1'),
('0A,04,0E', 1069, 0, 439, 'Threshold 2'),
('0A,06,0E', 1070, 0, 439, 'Threshold 3'),
('0A,08,0E', 1071, 0, 439, 'Threshold 4'),
('00,AA,FF', 1072, 0, 440, 'Read-out protection disabled'),
('00,00,FF', 1073, 2, 440, 'Read-out protection enabled'),
('00,00,00', 1074, 2, 440, 'Read-out protection enabled'),
('0A,00,01', 1075, 0, 441, 'Frozen when stopped'),
('0A,01,01', 1076, 0, 441, 'Running'),
('0A,00,04', 1077, 0, 442, 'Frozen when stopped'),
('0A,04,04', 1078, 0, 442, 'Running'),
('0A,00,08', 1079, 0, 443, 'Frozen when stopped'),
('0A,08,08', 1080, 0, 443, 'Running'),
('0A,00,02', 1081, 0, 444, 'Frozen when stopped'),
('0A,02,02', 1082, 0, 444, 'Running'),
('0A,00,10', 1083, 0, 445, 'Frozen when stopped'),
('0A,10,10', 1084, 0, 445, 'Running'),
('0A,00,20', 1085, 0, 446, 'Frozen when stopped'),
('0A,20,20', 1086, 0, 446, 'Running'),
('0A,00,40', 1087, 0, 447, 'Frozen when stopped'),
('0A,40,40', 1088, 0, 447, 'Running'),
('07,00,80', 1089, 0, 448, '0'),
('07,80,80', 1090, 0, 448, '1'),
('07,00,40', 1091, 0, 449, '0'),
('07,40,40', 1092, 0, 449, '1'),
('07,00,20', 1093, 0, 450, '0'),
('07,20,20', 1094, 0, 450, '1'),
('07,00,10', 1095, 0, 451, '0'),
('07,10,10', 1096, 0, 451, '1'),
('07,00,08', 1097, 0, 452, '0'),
('07,08,08', 1098, 0, 452, '1'),
('07,00,04', 1099, 0, 453, '0'),
('07,04,04', 1100, 0, 453, '1'),
('07,00,02', 1101, 0, 454, '0'),
('07,02,02', 1102, 0, 454, '1'),
('07,00,01', 1103, 0, 455, '0'),
('07,01,01', 1104, 0, 455, '1'),
('02,00,80', 1105, 0, 456, '0'),
('02,80,80', 1106, 12, 456, '1'),
('02,00,40', 1107, 0, 457, '0'),
('02,40,40', 1108, 12, 457, '1'),
('02,00,20', 1109, 0, 458, '0'),
('02,20,20', 1110, 12, 458, '1'),
('02,00,10', 1111, 0, 459, '0'),
('02,10,10', 1112, 12, 459, '1'),
('02,00,08', 1113, 0, 460, '0'),
('02,08,08', 1114, 12, 460, '1'),
('02,00,04', 1115, 0, 461, '0'),
('02,04,04', 1116, 12, 461, '1'),
('02,00,02', 1117, 0, 462, '0'),
('02,02,02', 1118, 12, 462, '1'),
('02,00,01', 1119, 0, 463, '0'),
('02,01,01', 1120, 12, 463, '1'),
('08,00,08', 1121, 0, 464, 'No Reset'),
('08,08,08', 1122, 0, 464, 'Reset'),
('08,00,04', 1123, 0, 465, 'Software'),
('08,04,04', 1124, 0, 465, 'Hardware'),
('08,00,02', 1125, 0, 466, 'Running'),
('08,02,02', 1126, 0, 466, 'Stopped'),
('08,00,01', 1127, 0, 467, 'Software'),
('08,01,01', 1128, 0, 467, 'Hardware'),
('09,00,03', 1129, 0, 468, '1 cycle'),
('09,01,03', 1130, 0, 468, '16 cycles'),
('09,02,03', 1131, 0, 468, '512 cycles'),
('09,03,03', 1132, 0, 468, '4096 cycles'),
('09,00,0C', 1133, 0, 469, '1 cycle'),
('09,04,0C', 1134, 0, 469, '16 cycles'),
('09,08,0C', 1135, 0, 469, '512 cycles'),
('09,0C,0C', 1136, 0, 469, '4096 cycles'),
('0A,00,01', 1137, 0, 470, 'Brownout reset off'),
('0A,01,01', 1138, 0, 470, 'Brownout reset on'),
('0A,00,0E', 1139, 0, 471, 'Threshold 0'),
('0A,02,0E', 1140, 0, 471, 'Threshold 1'),
('0A,04,0E', 1141, 0, 471, 'Threshold 2'),
('0A,06,0E', 1142, 0, 471, 'Threshold 3'),
('0A,08,0E', 1143, 0, 471, 'Threshold 4'),
('0A,00,01', 1144, 0, 472, 'Frozen when stopped'),
('0A,01,01', 1145, 0, 472, 'Running'),
('0B,55,FF', 1146, 0, 473, 'Execute'),
('0B,00,FF', 1147, 0, 473, 'Not Execute'),
('0B,00,00', 1148, 0, 473, 'Not Execute'),
('0C,AA,FF', 1149, 0, 474, 'Execute'),
('0C,00,FF', 1150, 4, 474, 'Not Execute'),
('0C,00,00', 1151, 0, 474, 'Not Execute'),
('00,AA,FF', 1152, 0, 475, 'Read-out protection disabled'),
('00,00,FF', 1153, 2, 475, 'Read-out protection enabled'),
('00,00,00', 1154, 2, 475, 'Read-out protection enabled'),
('02,00,80', 1155, 0, 476, '0'),
('02,80,80', 1156, 12, 476, '1'),
('02,00,40', 1157, 0, 477, '0'),
('02,40,40', 1158, 12, 477, '1'),
('02,00,20', 1159, 0, 478, '0'),
('02,20,20', 1160, 12, 478, '1'),
('02,00,10', 1161, 0, 479, '0'),
('02,10,10', 1162, 12, 479, '1'),
('02,00,08', 1163, 0, 480, '0'),
('02,08,08', 1164, 12, 480, '1'),
('02,00,04', 1165, 0, 481, '0'),
('02,04,04', 1166, 12, 481, '1'),
('02,00,02', 1167, 0, 482, '0'),
('02,02,02', 1168, 12, 482, '1'),
('02,00,01', 1169, 0, 483, '0'),
('02,01,01', 1170, 12, 483, '1'),
('03,00,80', 1171, 0, 484, '0'),
('03,80,80', 1172, 0, 484, '1'),
('03,00,40', 1173, 0, 485, '0'),
('03,40,40', 1174, 0, 485, '1'),
('03,00,20', 1175, 0, 486, '0'),
('03,20,20', 1176, 0, 486, '1'),
('03,00,10', 1177, 0, 487, '0'),
('03,10,10', 1178, 0, 487, '1'),
('03,00,08', 1179, 0, 488, '0'),
('03,08,08', 1180, 0, 488, '1'),
('03,00,04', 1181, 0, 489, '0'),
('03,04,04', 1182, 0, 489, '1'),
('03,00,02', 1183, 0, 490, '0'),
('03,02,02', 1184, 0, 490, '1'),
('03,00,01', 1185, 0, 491, '0'),
('03,01,01', 1186, 0, 491, '1'),
('07,00,80', 1187, 0, 492, '0'),
('07,80,80', 1188, 0, 492, '1'),
('07,00,40', 1189, 0, 493, '0'),
('07,40,40', 1190, 0, 493, '1'),
('07,00,20', 1191, 0, 494, '0'),
('07,20,20', 1192, 0, 494, '1'),
('07,00,10', 1193, 0, 495, '0'),
('07,10,10', 1194, 0, 495, '1'),
('07,00,08', 1195, 0, 496, '0'),
('07,08,08', 1196, 0, 496, '1'),
('07,00,04', 1197, 0, 497, '0'),
('07,04,04', 1198, 0, 497, '1'),
('07,00,02', 1199, 0, 498, '0'),
('07,02,02', 1200, 0, 498, '1'),
('07,00,01', 1201, 0, 499, '0'),
('07,01,01', 1202, 0, 499, '1'),
('08,00,80', 1203, 0, 500, 'SSCK enabled'),
('08,80,80', 1204, 0, 500, 'SSCK disabled'),
('08,00,40', 1205, 0, 501, '0'),
('08,40,40', 1206, 0, 501, '1'),
('08,00,20', 1207, 0, 502, '0'),
('08,20,20', 1208, 0, 502, '1'),
('08,00,10', 1209, 0, 503, '0'),
('08,10,10', 1210, 0, 503, '1'),
('08,00,08', 1211, 0, 504, 'No Reset'),
('08,08,08', 1212, 0, 504, 'Reset'),
('08,00,04', 1213, 0, 505, 'Software'),
('08,04,04', 1214, 0, 505, 'Hardware'),
('08,00,02', 1215, 0, 506, 'Running'),
('08,02,02', 1216, 0, 506, 'Stopped'),
('08,00,01', 1217, 0, 507, 'Software'),
('08,01,01', 1218, 0, 507, 'Hardware'),
('0A,00,01', 1219, 0, 508, 'Frozen when stopped'),
('0A,01,01', 1220, 0, 508, 'Running'),
('0A,00,02', 1221, 0, 509, 'Frozen when stopped'),
('0A,02,02', 1222, 0, 509, 'Running'),
('0A,00,04', 1223, 0, 510, 'Frozen when stopped'),
('0A,04,04', 1224, 0, 510, 'Running'),
('0A,00,08', 1225, 0, 511, 'Frozen when stopped'),
('0A,08,08', 1226, 0, 511, 'Running'),
('0A,00,10', 1227, 0, 512, 'Frozen when stopped'),
('0A,10,10', 1228, 0, 512, 'Running'),
('00,AA,FF', 1229, 0, 513, 'Read-out protection disabled'),
('00,00,FF', 1230, 2, 513, 'Read-out protection enabled'),
('00,00,00', 1231, 2, 513, 'Read-out protection enabled'),
('0A,00,01', 1232, 0, 514, 'Frozen when stopped'),
('0A,01,01', 1233, 0, 514, 'Running'),
('0A,00,04', 1234, 0, 515, 'Frozen when stopped'),
('0A,04,04', 1235, 0, 515, 'Running'),
('0A,00,08', 1236, 0, 516, 'Frozen when stopped'),
('0A,08,08', 1237, 0, 516, 'Running'),
('0A,00,02', 1238, 0, 517, 'Frozen when stopped'),
('0A,02,02', 1239, 0, 517, 'Running'),
('0A,00,10', 1240, 0, 518, 'Frozen when stopped'),
('0A,10,10', 1241, 0, 518, 'Running'),
('0A,00,20', 1242, 0, 519, 'Frozen when stopped'),
('0A,20,20', 1243, 0, 519, 'Running'),
('0A,00,40', 1244, 0, 520, 'Frozen when stopped'),
('0A,40,40', 1245, 0, 520, 'Running'),
('07,00,80', 1246, 0, 521, '0'),
('07,80,80', 1247, 4, 521, '1'),
('07,00,40', 1248, 0, 522, '0'),
('07,40,40', 1249, 4, 522, '1'),
('07,00,20', 1250, 0, 523, '0'),
('07,20,20', 1251, 4, 523, '1'),
('07,00,10', 1252, 0, 524, '0'),
('07,10,10', 1253, 4, 524, '1'),
('07,00,08', 1254, 0, 525, '0'),
('07,08,08', 1255, 4, 525, '1'),
('07,00,04', 1256, 0, 526, '0'),
('07,04,04', 1257, 4, 526, '1'),
('07,00,02', 1258, 0, 527, '0'),
('07,02,02', 1259, 4, 527, '1'),
('07,00,01', 1260, 0, 528, '0'),
('07,01,01', 1261, 4, 528, '1'),
('02,00,80', 1262, 0, 529, '0'),
('02,80,80', 1263, 12, 529, '1'),
('02,00,40', 1264, 0, 530, '0'),
('02,40,40', 1265, 12, 530, '1'),
('02,00,20', 1266, 0, 531, '0'),
('02,20,20', 1267, 12, 531, '1'),
('02,00,10', 1268, 0, 532, '0'),
('02,10,10', 1269, 12, 532, '1'),
('02,00,08', 1270, 0, 533, '0'),
('02,08,08', 1271, 12, 533, '1'),
('02,00,04', 1272, 0, 534, '0'),
('02,04,04', 1273, 12, 534, '1'),
('02,00,02', 1274, 0, 535, '0'),
('02,02,02', 1275, 12, 535, '1'),
('02,00,01', 1276, 0, 536, '0'),
('02,01,01', 1277, 12, 536, '1'),
('08,00,08', 1278, 0, 537, 'No Reset'),
('08,08,08', 1279, 0, 537, 'Reset'),
('08,00,04', 1280, 0, 538, 'Software'),
('08,04,04', 1281, 0, 538, 'Hardware'),
('08,00,02', 1282, 0, 539, 'Running'),
('08,02,02', 1283, 0, 539, 'Stopped'),
('08,00,01', 1284, 0, 540, 'Software'),
('08,01,01', 1285, 0, 540, 'Hardware'),
('09,00,03', 1286, 0, 541, '1 cycle'),
('09,01,03', 1287, 0, 541, '16 cycles'),
('09,02,03', 1288, 0, 541, '512 cycles'),
('09,03,03', 1289, 0, 541, '4096 cycles'),
('09,00,0C', 1290, 0, 542, '1 cycle'),
('09,04,0C', 1291, 0, 542, '16 cycles'),
('09,08,0C', 1292, 0, 542, '512 cycles'),
('09,0C,0C', 1293, 0, 542, '4096 cycles'),
('0A,00,01', 1294, 0, 543, 'Brownout reset off'),
('0A,01,01', 1295, 0, 543, 'Brownout reset on'),
('0A,00,0E', 1296, 0, 544, 'Threshold 0'),
('0A,02,0E', 1297, 0, 544, 'Threshold 1'),
('0A,04,0E', 1298, 0, 544, 'Threshold 2'),
('0A,06,0E', 1299, 0, 544, 'Threshold 3'),
('0A,08,0E', 1300, 0, 544, 'Threshold 4');
--
-- Data for table `MemoryTypes`
--
INSERT INTO `MemoryTypes` (`DbId`, `Name`, `OfficialName`, `WriteAlgo`, `Writeable`) VALUES
(1, 'RAM', 'RAM', 0, True),
(2, 'BOOTROM', 'BOOTROM', 4, False),
(6, 'EEPROM', 'EEPROM', 5, True),
(8, 'FlashM6Y', 'Flash', 5, True),
(9, 'PERIPH', 'PERIPH', 0, True),
(10, 'NEM', 'NEM', 0, True);
--
-- Data for table `OptionSet`
--
INSERT INTO `OptionSet` (`DbId`, `Name`) VALUES
(1, 'No option'),
(2, 'STM75F51x'),
(3, 'STM75F75x'),
(4, 'ST79TC'),
(5, 'STM8AF51x'),
(6, 'ST79_EMULATOR'),
(7, 'STM8L-8K_Emulator'),
(8, 'STM8-32K-proto'),
(9, 'STM8-256K-proto'),
(10, 'STM8S8K_Emulator'),
(11, 'STM8L-8K_cut1'),
(12, 'STM8S8K'),
(13, 'STM8S32K'),
(14, 'STM8L-32K_Emulator'),
(15, 'STM8L-8K'),
(16, 'STMA256K'),
(17, 'STM8L-32K'),
(18, 'STM8ABLux-proto'),
(19, 'STM8L-64K'),
(20, 'STM8AMS'),
(21, 'STM8TS50'),
(22, 'STM8L-8K_FALCO');
